[
{
    "model": "contenttypes.contenttype",
    "fields": {
        "app_label": "admin",
        "model": "logentry"
    }
},
{
    "model": "contenttypes.contenttype",
    "fields": {
        "app_label": "auth",
        "model": "group"
    }
},
{
    "model": "contenttypes.contenttype",
    "fields": {
        "app_label": "auth",
        "model": "permission"
    }
},
{
    "model": "contenttypes.contenttype",
    "fields": {
        "app_label": "contenttypes",
        "model": "contenttype"
    }
},
{
    "model": "contenttypes.contenttype",
    "fields": {
        "app_label": "sessions",
        "model": "session"
    }
},
{
    "model": "contenttypes.contenttype",
    "fields": {
        "app_label": "sites",
        "model": "site"
    }
},
{
    "model": "contenttypes.contenttype",
    "fields": {
        "app_label": "extusers",
        "model": "avatar"
    }
},
{
    "model": "contenttypes.contenttype",
    "fields": {
        "app_label": "extusers",
        "model": "extuser"
    }
},
{
    "model": "contenttypes.contenttype",
    "fields": {
        "app_label": "extusers",
        "model": "confirmation"
    }
},
{
    "model": "contenttypes.contenttype",
    "fields": {
        "app_label": "items",
        "model": "complaint"
    }
},
{
    "model": "contenttypes.contenttype",
    "fields": {
        "app_label": "items",
        "model": "base"
    }
},
{
    "model": "contenttypes.contenttype",
    "fields": {
        "app_label": "items",
        "model": "complainttype"
    }
},
{
    "model": "contenttypes.contenttype",
    "fields": {
        "app_label": "items",
        "model": "status"
    }
},
{
    "model": "contenttypes.contenttype",
    "fields": {
        "app_label": "items",
        "model": "pet"
    }
},
{
    "model": "contenttypes.contenttype",
    "fields": {
        "app_label": "items",
        "model": "photo"
    }
},
{
    "model": "contenttypes.contenttype",
    "fields": {
        "app_label": "items",
        "model": "region"
    }
},
{
    "model": "contenttypes.contenttype",
    "fields": {
        "app_label": "items",
        "model": "category"
    }
},
{
    "model": "contenttypes.contenttype",
    "fields": {
        "app_label": "items",
        "model": "type"
    }
},
{
    "model": "contenttypes.contenttype",
    "fields": {
        "app_label": "items",
        "model": "kind"
    }
},
{
    "model": "contenttypes.contenttype",
    "fields": {
        "app_label": "items",
        "model": "breed"
    }
},
{
    "model": "contenttypes.contenttype",
    "fields": {
        "app_label": "items",
        "model": "logo"
    }
},
{
    "model": "contenttypes.contenttype",
    "fields": {
        "app_label": "articles",
        "model": "photo"
    }
},
{
    "model": "contenttypes.contenttype",
    "fields": {
        "app_label": "articles",
        "model": "article"
    }
},
{
    "model": "contenttypes.contenttype",
    "fields": {
        "app_label": "social_auth",
        "model": "nonce"
    }
},
{
    "model": "contenttypes.contenttype",
    "fields": {
        "app_label": "social_auth",
        "model": "code"
    }
},
{
    "model": "contenttypes.contenttype",
    "fields": {
        "app_label": "social_auth",
        "model": "usersocialauth"
    }
},
{
    "model": "contenttypes.contenttype",
    "fields": {
        "app_label": "social_auth",
        "model": "association"
    }
},
{
    "model": "contenttypes.contenttype",
    "fields": {
        "app_label": "djcelery",
        "model": "periodictask"
    }
},
{
    "model": "contenttypes.contenttype",
    "fields": {
        "app_label": "djcelery",
        "model": "crontabschedule"
    }
},
{
    "model": "contenttypes.contenttype",
    "fields": {
        "app_label": "djcelery",
        "model": "intervalschedule"
    }
},
{
    "model": "contenttypes.contenttype",
    "fields": {
        "app_label": "djcelery",
        "model": "periodictasks"
    }
},
{
    "model": "contenttypes.contenttype",
    "fields": {
        "app_label": "djcelery",
        "model": "taskmeta"
    }
},
{
    "model": "contenttypes.contenttype",
    "fields": {
        "app_label": "djcelery",
        "model": "tasksetmeta"
    }
},
{
    "model": "contenttypes.contenttype",
    "fields": {
        "app_label": "djcelery",
        "model": "workerstate"
    }
},
{
    "model": "contenttypes.contenttype",
    "fields": {
        "app_label": "djcelery",
        "model": "taskstate"
    }
},
{
    "model": "contenttypes.contenttype",
    "fields": {
        "app_label": "taggit",
        "model": "taggeditem"
    }
},
{
    "model": "contenttypes.contenttype",
    "fields": {
        "app_label": "taggit",
        "model": "tag"
    }
},
{
    "model": "contenttypes.contenttype",
    "fields": {
        "app_label": "reversion",
        "model": "revision"
    }
},
{
    "model": "contenttypes.contenttype",
    "fields": {
        "app_label": "reversion",
        "model": "version"
    }
},
{
    "model": "contenttypes.contenttype",
    "fields": {
        "app_label": "feedback",
        "model": "feedback"
    }
},
{
    "model": "contenttypes.contenttype",
    "fields": {
        "app_label": "feedback",
        "model": "image"
    }
},
{
    "model": "contenttypes.contenttype",
    "fields": {
        "app_label": "robots",
        "model": "rule"
    }
},
{
    "model": "contenttypes.contenttype",
    "fields": {
        "app_label": "robots",
        "model": "url"
    }
},
{
    "model": "sites.site",
    "fields": {
        "domain": "animalpaw.ru",
        "name": "animalpaw.ru"
    }
},
{
    "model": "robots.url",
    "pk": 1,
    "fields": {
        "pattern": "/media/private"
    }
},
{
    "model": "robots.rule",
    "pk": 1,
    "fields": {
        "robot": "*",
        "crawl_delay": null,
        "allowed": [],
        "disallowed": [
            1
        ],
        "sites": [
            [
                "animalpaw.ru"
            ]
        ]
    }
},
{
    "model": "utils.region",
    "pk": 1,
    "fields": {
        "name": "\u041c\u043e\u0441\u043a\u0432\u0430",
        "url_alias": "moskva",
        "location_text": "\u041c\u043e\u0441\u043a\u0432\u0430",
        "items_amount": 0,
        "latitude": "55.755826000000000",
        "longitude": "37.617300000000000",
        "created_at": null,
        "status": 1
    }
},
{
    "model": "utils.region",
    "pk": 2,
    "fields": {
        "name": "\u041c\u043e\u0441\u043a\u043e\u0432\u0441\u043a\u0430\u044f \u043e\u0431\u043b",
        "url_alias": "moskovskaya_obl",
        "location_text": "\u041c\u043e\u0441\u043a\u0432\u0430",
        "items_amount": 0,
        "latitude": "55.755826000000000",
        "longitude": "37.617300000000000",
        "created_at": null,
        "status": 1
    }
},
{
    "model": "utils.region",
    "pk": 3,
    "fields": {
        "name": "\u0421\u0430\u043d\u043a\u0442-\u041f\u0435\u0442\u0435\u0440\u0431\u0443\u0440\u0433",
        "url_alias": "sankt-peterburg",
        "location_text": "\u0421\u0430\u043d\u043a\u0442-\u041f\u0435\u0442\u0435\u0440\u0431\u0443\u0440\u0433",
        "items_amount": 0,
        "latitude": "59.934280200000000",
        "longitude": "30.335098600000000",
        "created_at": null,
        "status": 1
    }
},
{
    "model": "utils.region",
    "pk": 4,
    "fields": {
        "name": "\u0410\u0440\u0445\u0430\u043d\u0433\u0435\u043b\u044c\u0441\u043a \u0438 \u043e\u0431\u043b",
        "url_alias": "arhangelsk",
        "location_text": "\u0410\u0440\u0445\u0430\u043d\u0433\u0435\u043b\u044c\u0441\u043a",
        "items_amount": 0,
        "latitude": "64.547250700000000",
        "longitude": "40.560155300000000",
        "created_at": null,
        "status": 1
    }
},
{
    "model": "utils.region",
    "pk": 5,
    "fields": {
        "name": "\u0410\u0441\u0442\u0440\u0430\u0445\u0430\u043d\u044c \u0438 \u043e\u0431\u043b",
        "url_alias": "astrahan",
        "location_text": "\u0410\u0441\u0442\u0440\u0430\u0445\u0430\u043d\u044c",
        "items_amount": 0,
        "latitude": "46.358804500000000",
        "longitude": "48.059934500000100",
        "created_at": null,
        "status": 1
    }
},
{
    "model": "utils.region",
    "pk": 6,
    "fields": {
        "name": "\u0411\u0435\u043b\u0433\u043e\u0440\u043e\u0434 \u0438 \u043e\u0431\u043b",
        "url_alias": "belgorod",
        "location_text": "\u0411\u0435\u043b\u0433\u043e\u0440\u043e\u0434",
        "items_amount": 0,
        "latitude": "50.599713400000000",
        "longitude": "36.598262100000100",
        "created_at": null,
        "status": 1
    }
},
{
    "model": "utils.region",
    "pk": 7,
    "fields": {
        "name": "\u0411\u0440\u044f\u043d\u0441\u043a \u0438 \u0411\u0440\u044f\u043d\u0441\u043a\u0430\u044f \u043e\u0431\u043b",
        "url_alias": "bryansk",
        "location_text": "\u0411\u0440\u044f\u043d\u0441\u043a",
        "items_amount": 0,
        "latitude": "53.263530600000000",
        "longitude": "34.416110000000000",
        "created_at": null,
        "status": 1
    }
},
{
    "model": "utils.region",
    "pk": 8,
    "fields": {
        "name": "\u0412\u043b\u0430\u0434\u0438\u043c\u0438\u0440 \u0438 \u043e\u0431\u043b",
        "url_alias": "vladimir",
        "location_text": "\u0412\u043b\u0430\u0434\u0438\u043c\u0438\u0440",
        "items_amount": 0,
        "latitude": "56.144595600000000",
        "longitude": "40.417868600000000",
        "created_at": null,
        "status": 1
    }
},
{
    "model": "utils.region",
    "pk": 9,
    "fields": {
        "name": "\u0412\u043e\u043b\u0433\u043e\u0433\u0440\u0430\u0434 \u0438 \u043e\u0431\u043b",
        "url_alias": "volgograd",
        "location_text": "\u0412\u043e\u043b\u0433\u043e\u0433\u0440\u0430\u0434",
        "items_amount": 0,
        "latitude": "48.708048000000000",
        "longitude": "44.513303400000000",
        "created_at": null,
        "status": 1
    }
},
{
    "model": "utils.region",
    "pk": 10,
    "fields": {
        "name": "\u0412\u043e\u043b\u043e\u0433\u043e\u0434\u0430 \u0438 \u043e\u0431\u043b",
        "url_alias": "vologda",
        "location_text": "\u0412\u043e\u043b\u043e\u0433\u043e\u0434\u0430",
        "items_amount": 0,
        "latitude": "59.218066500000000",
        "longitude": "39.897805200000000",
        "created_at": null,
        "status": 1
    }
},
{
    "model": "utils.region",
    "pk": 11,
    "fields": {
        "name": "\u0412\u043e\u0440\u043e\u043d\u0435\u0436 \u0438 \u043e\u0431\u043b",
        "url_alias": "voronez",
        "location_text": "\u0412\u043e\u0440\u043e\u043d\u0435\u0436",
        "items_amount": 0,
        "latitude": "51.675496600000000",
        "longitude": "39.208882300000000",
        "created_at": null,
        "status": 1
    }
},
{
    "model": "utils.region",
    "pk": 12,
    "fields": {
        "name": "\u0418\u0432\u0430\u043d\u043e\u0432\u043e \u0438 \u043e\u0431\u043b",
        "url_alias": "ivanovo",
        "location_text": "\u0418\u0432\u0430\u043d\u043e\u0432\u043e",
        "items_amount": 0,
        "latitude": "57.005067100000000",
        "longitude": "40.976645300000000",
        "created_at": null,
        "status": 1
    }
},
{
    "model": "utils.region",
    "pk": 13,
    "fields": {
        "name": "\u0418\u0440\u043a\u0443\u0442\u0441\u043a\u0430\u044f \u043e\u0431\u043b",
        "url_alias": "irkutskaya_obl",
        "location_text": "\u0418\u0440\u043a\u0443\u0442\u0441\u043a",
        "items_amount": 0,
        "latitude": "52.286974100000000",
        "longitude": "104.305018300000000",
        "created_at": null,
        "status": 1
    }
},
{
    "model": "utils.region",
    "pk": 14,
    "fields": {
        "name": "\u041a\u0430\u043b\u0438\u043d\u0438\u043d\u0433\u0440\u0430\u0434 \u0438 \u043e\u0431\u043b",
        "url_alias": "kaliningrad",
        "location_text": "\u041a\u0430\u043b\u0438\u043d\u0438\u043d\u0433\u0440\u0430\u0434",
        "items_amount": 0,
        "latitude": "54.710426400000000",
        "longitude": "20.452214400000000",
        "created_at": null,
        "status": 1
    }
},
{
    "model": "utils.region",
    "pk": 15,
    "fields": {
        "name": "\u041a\u0430\u043b\u0443\u0433\u0430 \u0438 \u043e\u0431\u043b",
        "url_alias": "kaluga",
        "location_text": "\u041a\u0430\u043b\u0443\u0433\u0430",
        "items_amount": 0,
        "latitude": "54.551858400000000",
        "longitude": "36.285097300000000",
        "created_at": null,
        "status": 1
    }
},
{
    "model": "utils.region",
    "pk": 16,
    "fields": {
        "name": "\u041a\u0435\u043c\u0435\u0440\u043e\u0432\u043e \u0438 \u043e\u0431\u043b",
        "url_alias": "kemerovo",
        "location_text": "\u041a\u0435\u043c\u0435\u0440\u043e\u0432\u043e",
        "items_amount": 0,
        "latitude": "55.345023100000000",
        "longitude": "86.062304400000000",
        "created_at": null,
        "status": 1
    }
},
{
    "model": "utils.region",
    "pk": 17,
    "fields": {
        "name": "\u041a\u0438\u0440\u043e\u0432 \u0438 \u043e\u0431\u043b",
        "url_alias": "kirov",
        "location_text": "\u041a\u0438\u0440\u043e\u0432",
        "items_amount": 0,
        "latitude": "58.603532100000000",
        "longitude": "49.666798300000000",
        "created_at": null,
        "status": 1
    }
},
{
    "model": "utils.region",
    "pk": 18,
    "fields": {
        "name": "\u041a\u043e\u0441\u0442\u0440\u043e\u043c\u0430 \u0438 \u043e\u0431\u043b",
        "url_alias": "kostroma",
        "location_text": "\u041a\u043e\u0441\u0442\u0440\u043e\u043c\u0430",
        "items_amount": 0,
        "latitude": "57.777481600000000",
        "longitude": "40.969892800000000",
        "created_at": null,
        "status": 1
    }
},
{
    "model": "utils.region",
    "pk": 19,
    "fields": {
        "name": "\u041a\u0443\u0440\u0433\u0430\u043d \u0438 \u043e\u0431\u043b",
        "url_alias": "kurgan",
        "location_text": "\u041a\u0443\u0440\u0433\u0430\u043d",
        "items_amount": 0,
        "latitude": "55.464911300000000",
        "longitude": "65.305351200000000",
        "created_at": null,
        "status": 1
    }
},
{
    "model": "utils.region",
    "pk": 20,
    "fields": {
        "name": "\u041a\u0443\u0440\u0441\u043a \u0438 \u043e\u0431\u043b",
        "url_alias": "kursk",
        "location_text": "\u041a\u0443\u0440\u0441\u043a",
        "items_amount": 0,
        "latitude": "51.709195700000000",
        "longitude": "36.156224100000000",
        "created_at": null,
        "status": 1
    }
},
{
    "model": "utils.region",
    "pk": 21,
    "fields": {
        "name": "\u041b\u0438\u043f\u0435\u0446\u043a \u0438 \u043e\u0431\u043b",
        "url_alias": "lipeck",
        "location_text": "\u041b\u0438\u043f\u0435\u0446\u043a",
        "items_amount": 0,
        "latitude": "52.612199600000000",
        "longitude": "39.598122500000000",
        "created_at": null,
        "status": 1
    }
},
{
    "model": "utils.region",
    "pk": 22,
    "fields": {
        "name": "\u041c\u0443\u0440\u043c\u0430\u043d\u0441\u043a \u0438 \u043e\u0431\u043b",
        "url_alias": "murmansk",
        "location_text": "\u041c\u0443\u0440\u043c\u0430\u043d\u0441\u043a",
        "items_amount": 0,
        "latitude": "68.958524400000000",
        "longitude": "33.082659800000000",
        "created_at": null,
        "status": 1
    }
},
{
    "model": "utils.region",
    "pk": 23,
    "fields": {
        "name": "\u041d\u0438\u0436\u0435\u0433\u043e\u0440\u043e\u0434\u0441\u043a\u0430\u044f \u043e\u0431\u043b",
        "url_alias": "nizegorodskaya_obl",
        "location_text": "\u041d\u0438\u0436\u043d\u0438\u0439 \u041d\u043e\u0432\u0433\u043e\u0440\u043e\u0434",
        "items_amount": 0,
        "latitude": "56.296503900000000",
        "longitude": "43.936058900000000",
        "created_at": null,
        "status": 1
    }
},
{
    "model": "utils.region",
    "pk": 24,
    "fields": {
        "name": "\u041d\u043e\u0432\u0433\u043e\u0440\u043e\u0434 \u0438 \u043e\u0431\u043b",
        "url_alias": "novgorod",
        "location_text": "\u0412\u0435\u043b\u0438\u043a\u0438\u0439 \u041d\u043e\u0432\u0433\u043e\u0440\u043e\u0434",
        "items_amount": 0,
        "latitude": "58.525569800000000",
        "longitude": "31.274192800000000",
        "created_at": null,
        "status": 1
    }
},
{
    "model": "utils.region",
    "pk": 25,
    "fields": {
        "name": "\u041d\u043e\u0432\u043e\u0441\u0438\u0431\u0438\u0440\u0441\u043a \u0438 \u043e\u0431\u043b",
        "url_alias": "novosibirsk",
        "location_text": "\u041d\u043e\u0432\u043e\u0441\u0438\u0431\u0438\u0440\u0441\u043a",
        "items_amount": 0,
        "latitude": "55.008352600000000",
        "longitude": "82.935732700000000",
        "created_at": null,
        "status": 1
    }
},
{
    "model": "utils.region",
    "pk": 26,
    "fields": {
        "name": "\u041e\u043c\u0441\u043a \u0438 \u043e\u0431\u043b",
        "url_alias": "omsk",
        "location_text": "\u041e\u043c\u0441\u043a",
        "items_amount": 0,
        "latitude": "54.988480400000000",
        "longitude": "73.324236200000100",
        "created_at": null,
        "status": 1
    }
},
{
    "model": "utils.region",
    "pk": 27,
    "fields": {
        "name": "\u041e\u0440\u0435\u043d\u0431\u0443\u0440\u0433 \u0438 \u043e\u0431\u043b",
        "url_alias": "orenburg",
        "location_text": "\u041e\u0440\u0435\u043d\u0431\u0443\u0440\u0433",
        "items_amount": 0,
        "latitude": "51.766648200000000",
        "longitude": "55.100453800000000",
        "created_at": null,
        "status": 1
    }
},
{
    "model": "utils.region",
    "pk": 28,
    "fields": {
        "name": "\u041e\u0440\u0435\u043b \u0438 \u043e\u0431\u043b",
        "url_alias": "orel",
        "location_text": "\u041e\u0440\u0435\u043b",
        "items_amount": 0,
        "latitude": "52.966846800000000",
        "longitude": "36.062489800000000",
        "created_at": null,
        "status": 1
    }
},
{
    "model": "utils.region",
    "pk": 29,
    "fields": {
        "name": "\u041f\u0435\u043d\u0437\u0430 \u0438 \u043e\u0431\u043b",
        "url_alias": "penza",
        "location_text": "\u041f\u0435\u043d\u0437\u0430",
        "items_amount": 0,
        "latitude": "53.227290300000000",
        "longitude": "45.000000000000000",
        "created_at": null,
        "status": 1
    }
},
{
    "model": "utils.region",
    "pk": 30,
    "fields": {
        "name": "\u041f\u0441\u043a\u043e\u0432 \u0438 \u043e\u0431\u043b",
        "url_alias": "pskov",
        "location_text": "\u041f\u0441\u043a\u043e\u0432",
        "items_amount": 0,
        "latitude": "57.816699400000000",
        "longitude": "28.334473400000000",
        "created_at": null,
        "status": 1
    }
},
{
    "model": "utils.region",
    "pk": 31,
    "fields": {
        "name": "\u0420\u043e\u0441\u0442\u043e\u0432 \u0438 \u043e\u0431\u043b",
        "url_alias": "rostov",
        "location_text": "\u0420\u043e\u0441\u0442\u043e\u0432",
        "items_amount": 0,
        "latitude": "47.235713700000000",
        "longitude": "39.701505000000000",
        "created_at": null,
        "status": 1
    }
},
{
    "model": "utils.region",
    "pk": 32,
    "fields": {
        "name": "\u0420\u044f\u0437\u0430\u043d\u044c \u0438 \u043e\u0431\u043b",
        "url_alias": "ryazan",
        "location_text": "\u0420\u044f\u0437\u0430\u043d\u044c",
        "items_amount": 0,
        "latitude": "54.609541800000000",
        "longitude": "39.712585700000000",
        "created_at": null,
        "status": 1
    }
},
{
    "model": "utils.region",
    "pk": 33,
    "fields": {
        "name": "\u0421\u0430\u043c\u0430\u0440\u0430 \u0438 \u043e\u0431\u043b",
        "url_alias": "samara",
        "location_text": "\u0421\u0430\u043c\u0430\u0440\u0430",
        "items_amount": 0,
        "latitude": "53.241504100000000",
        "longitude": "50.221246300000000",
        "created_at": null,
        "status": 1
    }
},
{
    "model": "utils.region",
    "pk": 34,
    "fields": {
        "name": "\u0421\u0430\u0440\u0430\u0442\u043e\u0432 \u0438 \u043e\u0431\u043b",
        "url_alias": "saratov",
        "location_text": "\u0421\u0430\u0440\u0430\u0442\u043e\u0432",
        "items_amount": 0,
        "latitude": "51.556378900000000",
        "longitude": "45.979816700000000",
        "created_at": null,
        "status": 1
    }
},
{
    "model": "utils.region",
    "pk": 35,
    "fields": {
        "name": "\u0415\u043a\u0430\u0442\u0435\u0440\u0438\u043d\u0431\u0443\u0440\u0433. \u0421\u0432\u0435\u0440\u0434\u043b\u043e\u0432\u0441\u043a\u0430\u044f \u043e\u0431\u043b",
        "url_alias": "ekaterinburg",
        "location_text": "\u0415\u043a\u0430\u0442\u0435\u0440\u0438\u043d\u0431\u0443\u0440\u0433",
        "items_amount": 0,
        "latitude": "56.838926100000000",
        "longitude": "60.605702500000000",
        "created_at": null,
        "status": 1
    }
},
{
    "model": "utils.region",
    "pk": 36,
    "fields": {
        "name": "\u0421\u043c\u043e\u043b\u0435\u043d\u0441\u043a \u0438 \u043e\u0431\u043b",
        "url_alias": "smolensk",
        "location_text": "\u0421\u043c\u043e\u043b\u0435\u043d\u0441\u043a",
        "items_amount": 0,
        "latitude": "54.790311200000000",
        "longitude": "32.050366300000000",
        "created_at": null,
        "status": 1
    }
},
{
    "model": "utils.region",
    "pk": 37,
    "fields": {
        "name": "\u0422\u0430\u043c\u0431\u043e\u0432 \u0438 \u043e\u0431\u043b",
        "url_alias": "tambov",
        "location_text": "\u0422\u0430\u043c\u0431\u043e\u0432",
        "items_amount": 0,
        "latitude": "52.723598000000000",
        "longitude": "41.442306200000000",
        "created_at": null,
        "status": 1
    }
},
{
    "model": "utils.region",
    "pk": 38,
    "fields": {
        "name": "\u0422\u0432\u0435\u0440\u044c \u0438 \u043e\u0431\u043b",
        "url_alias": "tver",
        "location_text": "\u0422\u0432\u0435\u0440\u044c",
        "items_amount": 0,
        "latitude": "56.858721400000000",
        "longitude": "35.917596499999900",
        "created_at": null,
        "status": 1
    }
},
{
    "model": "utils.region",
    "pk": 39,
    "fields": {
        "name": "\u0422\u043e\u043c\u0441\u043a \u0438 \u043e\u0431\u043b",
        "url_alias": "tomsk",
        "location_text": "\u0422\u043e\u043c\u0441\u043a",
        "items_amount": 0,
        "latitude": "56.501039700000000",
        "longitude": "84.992450600000000",
        "created_at": null,
        "status": 1
    }
},
{
    "model": "utils.region",
    "pk": 40,
    "fields": {
        "name": "\u0422\u0443\u043b\u0430 \u0438 \u043e\u0431\u043b",
        "url_alias": "tula",
        "location_text": "\u0422\u0443\u043b\u0430",
        "items_amount": 0,
        "latitude": "54.204836000000000",
        "longitude": "37.618491500000000",
        "created_at": null,
        "status": 1
    }
},
{
    "model": "utils.region",
    "pk": 41,
    "fields": {
        "name": "\u0422\u044e\u043c\u0435\u043d\u044c \u043e\u0431\u043b",
        "url_alias": "tymen",
        "location_text": "\u0422\u044e\u043c\u0435\u043d\u044c",
        "items_amount": 0,
        "latitude": "57.161297500000000",
        "longitude": "65.525017200000000",
        "created_at": null,
        "status": 1
    }
},
{
    "model": "utils.region",
    "pk": 42,
    "fields": {
        "name": "\u0423\u043b\u044c\u044f\u043d\u043e\u0432\u0441\u043a \u0438 \u043e\u0431\u043b",
        "url_alias": "ulyanovsk",
        "location_text": "\u0423\u043b\u044c\u044f\u043d\u043e\u0432\u0441\u043a",
        "items_amount": 0,
        "latitude": "54.318159800000000",
        "longitude": "48.383791400000100",
        "created_at": null,
        "status": 1
    }
},
{
    "model": "utils.region",
    "pk": 43,
    "fields": {
        "name": "\u0427\u0435\u043b\u044f\u0431\u0438\u043d\u0441\u043a \u0438 \u043e\u0431\u043b",
        "url_alias": "chelyabinsk",
        "location_text": "\u0427\u0435\u043b\u044f\u0431\u0438\u043d\u0441\u043a",
        "items_amount": 0,
        "latitude": "55.164441900000000",
        "longitude": "61.436843100000000",
        "created_at": null,
        "status": 1
    }
},
{
    "model": "utils.region",
    "pk": 44,
    "fields": {
        "name": "\u042f\u0440\u043e\u0441\u043b\u0430\u0432\u043b\u044c \u0438 \u043e\u0431\u043b",
        "url_alias": "yaroslavl",
        "location_text": "\u042f\u0440\u043e\u0441\u043b\u0430\u0432\u043b\u044c",
        "items_amount": 0,
        "latitude": "57.626074400000000",
        "longitude": "39.884470800000000",
        "created_at": null,
        "status": 1
    }
},
{
    "model": "utils.region",
    "pk": 45,
    "fields": {
        "name": "\u0423\u0444\u0430. \u0411\u0430\u0448\u043a\u043e\u0440\u0442\u043e\u0441\u0442\u0430\u043d",
        "url_alias": "ufa",
        "location_text": "\u0423\u0444\u0430",
        "items_amount": 0,
        "latitude": "54.738762100000000",
        "longitude": "55.972055400000000",
        "created_at": null,
        "status": 1
    }
},
{
    "model": "utils.region",
    "pk": 46,
    "fields": {
        "name": "\u041a\u0440\u0430\u0441\u043d\u043e\u0434\u0430\u0440. \u041a\u0440\u0430\u0441\u043d\u043e\u0434\u0430\u0440\u0441\u043a\u0438\u0439 \u043a\u0440\u0430\u0439",
        "url_alias": "krasnodar",
        "location_text": "\u041a\u0440\u0430\u0441\u043d\u043e\u0434\u0430\u0440",
        "items_amount": 0,
        "latitude": "45.039267400000000",
        "longitude": "38.987221000000000",
        "created_at": null,
        "status": 1
    }
},
{
    "model": "utils.region",
    "pk": 47,
    "fields": {
        "name": "\u041f\u0435\u0440\u043c\u044c. \u041f\u0435\u0440\u043c\u0441\u043a\u0438\u0439 \u043a\u0440\u0430\u0439",
        "url_alias": "perm",
        "location_text": "\u041f\u0435\u0440\u043c\u044c",
        "items_amount": 0,
        "latitude": "58.029681300000000",
        "longitude": "56.266791600000000",
        "created_at": null,
        "status": 1
    }
},
{
    "model": "utils.region",
    "pk": 48,
    "fields": {
        "name": "\u0427\u0435\u0431\u043e\u043a\u0441\u0430\u0440\u044b. \u0427\u0443\u0432\u0430\u0448\u0438\u044f",
        "url_alias": "cheboksari",
        "location_text": "\u0427\u0435\u0431\u043e\u043a\u0441\u0430\u0440\u044b",
        "items_amount": 0,
        "latitude": "56.116766300000000",
        "longitude": "47.262782000000000",
        "created_at": null,
        "status": 1
    }
},
{
    "model": "utils.region",
    "pk": 49,
    "fields": {
        "name": "\u041a\u0430\u0437\u0430\u043d\u044c. \u0422\u0430\u0442\u0430\u0440\u0441\u0442\u0430\u043d",
        "url_alias": "kazan",
        "location_text": "\u041a\u0430\u0437\u0430\u043d\u044c",
        "items_amount": 0,
        "latitude": "55.830430700000000",
        "longitude": "49.066080600000100",
        "created_at": null,
        "status": 1
    }
},
{
    "model": "utils.region",
    "pk": 50,
    "fields": {
        "name": "\u0412\u043b\u0430\u0434\u0438\u0432\u043e\u0441\u0442\u043e\u043a. \u041f\u0440\u0438\u043c\u043e\u0440\u0441\u043a\u0438\u0439 \u043a\u0440\u0430\u0439",
        "url_alias": "vladivostok",
        "location_text": "\u0412\u043b\u0430\u0434\u0438\u0432\u043e\u0441\u0442\u043e\u043a",
        "items_amount": 0,
        "latitude": "43.173738700000000",
        "longitude": "132.006450600000000",
        "created_at": null,
        "status": 1
    }
},
{
    "model": "utils.region",
    "pk": 51,
    "fields": {
        "name": "\u041a\u0440\u0430\u0441\u043d\u043e\u044f\u0440\u0441\u043a",
        "url_alias": "krasnoyarsk",
        "location_text": "\u041a\u0440\u0430\u0441\u043d\u043e\u044f\u0440\u0441\u043a",
        "items_amount": 0,
        "latitude": "56.015283400000000",
        "longitude": "92.893247600000000",
        "created_at": null,
        "status": 1
    }
},
{
    "model": "utils.region",
    "pk": 52,
    "fields": {
        "name": "\u0411\u043b\u0430\u0433\u043e\u0432\u0435\u0449\u0435\u043d\u0441\u043a \u0410\u043c\u0443\u0440\u0441\u043a\u0430\u044f \u043e\u0431\u043b",
        "url_alias": "blagoveshensk",
        "location_text": "\u0411\u043b\u0430\u0433\u043e\u0432\u0435\u0449\u0435\u043d\u0441\u043a",
        "items_amount": 0,
        "latitude": "50.272776300000000",
        "longitude": "127.540401700000000",
        "created_at": null,
        "status": 1
    }
},
{
    "model": "utils.region",
    "pk": 53,
    "fields": {
        "name": "\u0410\u043b\u0442\u0430\u0439\u0441\u043a\u0438\u0439 \u043a\u0440\u0430\u0439",
        "url_alias": "altayskiy_kray",
        "location_text": "\u0410\u043b\u0442\u0430\u0439\u0441\u043a\u0438\u0439 \u043a\u0440\u0430\u0439",
        "items_amount": 0,
        "latitude": "51.793629800000000",
        "longitude": "82.675859600000000",
        "created_at": null,
        "status": 1
    }
},
{
    "model": "utils.region",
    "pk": 54,
    "fields": {
        "name": "\u041c\u0430\u0439\u043a\u043e\u043f \u0410\u0434\u044b\u0433\u0435\u044f",
        "url_alias": "maycop",
        "location_text": "\u041c\u0430\u0439\u043a\u043e\u043f",
        "items_amount": 0,
        "latitude": "44.598411500000000",
        "longitude": "40.108086900000000",
        "created_at": null,
        "status": 1
    }
},
{
    "model": "utils.region",
    "pk": 55,
    "fields": {
        "name": "\u0410\u043b\u0442\u0430\u0439",
        "url_alias": "altay",
        "location_text": "\u0410\u043b\u0442\u0430\u0439",
        "items_amount": 0,
        "latitude": "47.844924000000000",
        "longitude": "88.141253000000000",
        "created_at": null,
        "status": 1
    }
},
{
    "model": "utils.region",
    "pk": 56,
    "fields": {
        "name": "\u0423\u043b\u0430\u043d-\u0423\u0434\u044d \u0411\u0443\u0440\u044f\u0442\u0438\u044f",
        "url_alias": "ulan-ude",
        "location_text": "\u0423\u043b\u0430\u043d-\u0423\u0434\u044d",
        "items_amount": 0,
        "latitude": "51.823878500000000",
        "longitude": "107.607338000000000",
        "created_at": null,
        "status": 1
    }
},
{
    "model": "utils.region",
    "pk": 57,
    "fields": {
        "name": "\u041c\u0430\u0445\u0430\u0447\u043a\u0430\u043b\u0430 \u0414\u0430\u0433\u0435\u0441\u0442\u0430\u043d",
        "url_alias": "mahachkala",
        "location_text": "\u041c\u0430\u0445\u0430\u0447\u043a\u0430\u043b\u0430",
        "items_amount": 0,
        "latitude": "42.966630800000000",
        "longitude": "47.512628500000000",
        "created_at": null,
        "status": 1
    }
},
{
    "model": "utils.region",
    "pk": 58,
    "fields": {
        "name": "\u041f\u0435\u0442\u0440\u043e\u0437\u0430\u0432\u043e\u0434\u0441\u043a \u041a\u0430\u0440\u0435\u043b\u0438\u044f",
        "url_alias": "petrozavodsk",
        "location_text": "\u041f\u0435\u0442\u0440\u043e\u0437\u0430\u0432\u043e\u0434\u0441\u043a",
        "items_amount": 0,
        "latitude": "61.778161700000000",
        "longitude": "34.364039600000100",
        "created_at": null,
        "status": 1
    }
},
{
    "model": "utils.region",
    "pk": 59,
    "fields": {
        "name": "\u0421\u044b\u043a\u0442\u044b\u0432\u043a\u0430\u0440 \u041a\u043e\u043c\u0438",
        "url_alias": "siktivkar",
        "location_text": "\u0421\u044b\u043a\u0442\u044b\u0432\u043a\u0430\u0440",
        "items_amount": 0,
        "latitude": "61.647850800000000",
        "longitude": "50.833902900000000",
        "created_at": null,
        "status": 1
    }
},
{
    "model": "utils.region",
    "pk": 60,
    "fields": {
        "name": "\u0419\u043e\u0448\u043a\u0430\u0440-\u041e\u043b\u0430 \u041c\u0430\u0440\u0438\u0439-\u042d\u043b",
        "url_alias": "mari-el",
        "location_text": "\u0419\u043e\u0448\u043a\u0430\u0440-\u041e\u043b\u0430",
        "items_amount": 0,
        "latitude": "56.640222500000000",
        "longitude": "47.883858000000000",
        "created_at": null,
        "status": 1
    }
},
{
    "model": "utils.region",
    "pk": 61,
    "fields": {
        "name": "\u041c\u043e\u0440\u0434\u043e\u0432\u0438\u044f. \u0421\u0430\u0440\u0430\u043d\u0441\u043a",
        "url_alias": "saransk",
        "location_text": "\u041c\u043e\u0440\u0434\u043e\u0432\u0438\u044f",
        "items_amount": 0,
        "latitude": "54.236944100000000",
        "longitude": "44.068396900000000",
        "created_at": null,
        "status": 1
    }
},
{
    "model": "utils.region",
    "pk": 62,
    "fields": {
        "name": "\u0418\u0436\u0435\u0432\u0441\u043a \u0423\u0434\u043c\u0443\u0440\u0442\u0438\u044f",
        "url_alias": "izevsk",
        "location_text": "\u0418\u0436\u0435\u0432\u0441\u043a",
        "items_amount": 0,
        "latitude": "56.861860100000000",
        "longitude": "53.232428500000000",
        "created_at": null,
        "status": 1
    }
},
{
    "model": "utils.region",
    "pk": 63,
    "fields": {
        "name": "\u0410\u0431\u0430\u043a\u0430\u043d \u0425\u0430\u043a\u0430\u0441\u0438\u044f",
        "url_alias": "abakan",
        "location_text": "\u0410\u0431\u0430\u043a\u0430\u043d",
        "items_amount": 1,
        "latitude": "53.717564400000000",
        "longitude": "91.429317200000000",
        "created_at": null,
        "status": 1
    }
},
{
    "model": "utils.region",
    "pk": 64,
    "fields": {
        "name": "\u0413\u0440\u043e\u0437\u043d\u044b\u0439 \u0427\u0435\u0447\u043d\u044f",
        "url_alias": "grozniy",
        "location_text": "\u0413\u0440\u043e\u0437\u043d\u044b\u0439",
        "items_amount": 0,
        "latitude": "43.316879600000000",
        "longitude": "45.681485600000000",
        "created_at": null,
        "status": 1
    }
},
{
    "model": "utils.region",
    "pk": 65,
    "fields": {
        "name": "\u0421\u0442\u0430\u0432\u0440\u043e\u043f\u043e\u043b\u044c\u0441\u043a\u0438\u0439 \u043a\u0440\u0430\u0439",
        "url_alias": "stavropolskiy_kray",
        "location_text": "\u0421\u0442\u0430\u0432\u0440\u043e\u043f\u043e\u043b\u044c\u0441\u043a\u0438\u0439 \u043a\u0440\u0430\u0439",
        "items_amount": 0,
        "latitude": "44.668099300000000",
        "longitude": "43.520214000000000",
        "created_at": null,
        "status": 1
    }
},
{
    "model": "utils.region",
    "pk": 66,
    "fields": {
        "name": "\u0425\u0430\u0431\u0430\u0440\u043e\u0432\u0441\u043a\u0438\u0439 \u043a\u0440\u0430\u0439",
        "url_alias": "habarovskiy_kray",
        "location_text": "\u0425\u0430\u0431\u0430\u0440\u043e\u0432\u0441\u043a\u0438\u0439 \u043a\u0440\u0430\u0439",
        "items_amount": 0,
        "latitude": "50.588843100000000",
        "longitude": "135.000000000000000",
        "created_at": null,
        "status": 1
    }
},
{
    "model": "utils.region",
    "pk": 67,
    "fields": {
        "name": "\u0425\u0430\u043d\u0442\u044b-\u041c\u0430\u043d\u0441\u0438\u0439\u0441\u043a\u0438\u0439 \u0410\u041e",
        "url_alias": "hanti-mansiyskiy_ao",
        "location_text": "\u0425\u0430\u043d\u0442\u044b-\u041c\u0430\u043d\u0441\u0438\u0439\u0441\u043a\u0438\u0439 \u0410\u041e",
        "items_amount": 0,
        "latitude": "62.228706200000000",
        "longitude": "70.641005800000000",
        "created_at": null,
        "status": 1
    }
},
{
    "model": "utils.region",
    "pk": 68,
    "fields": {
        "name": "\u041a\u0430\u043c\u0447\u0430\u0442\u0441\u043a\u0438\u0439 \u043a\u0440\u0430\u0439",
        "url_alias": "kamchatskiy_kray",
        "location_text": "\u041a\u0430\u043c\u0447\u0430\u0442\u0441\u043a\u0438\u0439 \u043a\u0440\u0430\u0439",
        "items_amount": 0,
        "latitude": "53.153682900000000",
        "longitude": "158.364460600000000",
        "created_at": null,
        "status": 1
    }
},
{
    "model": "utils.region",
    "pk": 69,
    "fields": {
        "name": "\u041c\u0430\u0433\u0430\u0434\u0430\u043d \u0438 \u043e\u0431\u043b",
        "url_alias": "magadan",
        "location_text": "\u041c\u0430\u0433\u0430\u0434\u0430\u043d",
        "items_amount": 0,
        "latitude": "59.561152500000000",
        "longitude": "150.830141300000000",
        "created_at": null,
        "status": 1
    }
},
{
    "model": "animals.kind",
    "pk": 1,
    "fields": {
        "name": "\u0421\u043e\u0431\u0430\u043a\u0430",
        "url_alias": "sobaka",
        "img_url": "dsfsdfsdf",
        "created_at": "2016-07-18T15:32:00Z",
        "status": 1
    }
},
{
    "model": "animals.kind",
    "pk": 2,
    "fields": {
        "name": "\u041a\u043e\u0448\u043a\u0430",
        "url_alias": "koshka",
        "img_url": "sdfsdf",
        "created_at": "2016-07-18T15:33:00Z",
        "status": 1
    }
},
{
    "model": "utils.image",
    "pk": 1,
    "fields": {
        "original": "cat.jpg",
        "preview": "preview_cat.jpg",
        "version": 0,
        "md5": null,
        "x_1": 39,
        "x_2": 423,
        "y_1": 4,
        "y_2": 388,
        "created_at": "2017-03-08T20:54:12.787Z",
        "status": 1
    }
},
{
    "model": "utils.image",
    "pk": 2,
    "fields": {
        "original": "monkey.jpg",
        "preview": "preview_monkey.jpg",
        "version": 0,
        "md5": null,
        "x_1": 171,
        "x_2": 857,
        "y_1": 0,
        "y_2": 681,
        "created_at": "2017-03-10T17:06:02.532Z",
        "status": 1
    }
},
    {
    "model": "utils.image",
    "pk": 3,
    "fields": {
        "original": "monkey.jpg",
        "preview": "preview_monkey.jpg",
        "version": 0,
        "md5": null,
        "x_1": 171,
        "x_2": 857,
        "y_1": 0,
        "y_2": 681,
        "created_at": "2017-03-10T17:06:02.532Z",
        "status": 1
    }
},
{
    "model": "utils.image",
    "pk": 4,
    "fields": {
        "original": "monkey.jpg",
        "preview": "preview_monkey.jpg",
        "version": 0,
        "md5": null,
        "x_1": 171,
        "x_2": 857,
        "y_1": 0,
        "y_2": 681,
        "created_at": "2017-03-10T17:06:02.532Z",
        "status": 1
    }
},
{
    "model": "utils.image",
    "pk": 5,
    "fields": {
        "original": "monkey.jpg",
        "preview": "preview_monkey.jpg",
        "version": 0,
        "md5": null,
        "x_1": 171,
        "x_2": 857,
        "y_1": 0,
        "y_2": 681,
        "created_at": "2017-03-10T17:06:02.532Z",
        "status": 1
    }
},
{
    "model": "animals.breed",
    "pk": 1,
    "fields": {
        "name": "\u041c\u0435\u0442\u0438\u0441",
        "kind": 1,
        "created_at": null,
        "status": 1
    }
},
{
    "model": "animals.breed",
    "pk": 2,
    "fields": {
        "name": "\u0410\u0432\u0441\u0442\u0440\u0430\u043b\u0438\u0439\u0441\u043a\u0430\u044f \u043e\u0432\u0447\u0430\u0440\u043a\u0430",
        "kind": 1,
        "created_at": null,
        "status": 1
    }
},
{
    "model": "animals.breed",
    "pk": 3,
    "fields": {
        "name": "\u0410\u0432\u0441\u0442\u0440\u0430\u043b\u0438\u0439\u0441\u043a\u0438\u0439 \u0448\u0435\u043b\u043a\u043e\u0432\u0438\u0441\u0442\u044b\u0439 \u0442\u0435\u0440\u044c\u0435\u0440",
        "kind": 1,
        "created_at": null,
        "status": 1
    }
},
{
    "model": "animals.breed",
    "pk": 4,
    "fields": {
        "name": "\u0410\u043b\u044f\u0441\u043a\u0438\u043d\u0441\u043a\u0438\u0439 \u043c\u0430\u043b\u0430\u043c\u0443\u0442",
        "kind": 1,
        "created_at": null,
        "status": 1
    }
},
{
    "model": "animals.breed",
    "pk": 5,
    "fields": {
        "name": "\u0410\u043c\u0435\u0440\u0438\u043a\u0430\u043d\u0441\u043a\u0438\u0439 \u0431\u0443\u043b\u044c\u0434\u043e\u0433",
        "kind": 1,
        "created_at": null,
        "status": 1
    }
},
{
    "model": "animals.breed",
    "pk": 6,
    "fields": {
        "name": "\u0410\u043c\u0435\u0440\u0438\u043a\u0430\u043d\u0441\u043a\u0438\u0439 \u043a\u043e\u043a\u0435\u0440-\u0441\u043f\u0430\u043d\u0438\u0435\u043b\u044c",
        "kind": 1,
        "created_at": null,
        "status": 1
    }
},
{
    "model": "animals.breed",
    "pk": 7,
    "fields": {
        "name": "\u0410\u043c\u0435\u0440\u0438\u043a\u0430\u043d\u0441\u043a\u0438\u0439 \u0441\u0442\u0430\u0444\u0444\u043e\u0440\u0434\u0448\u0438\u0440\u0441\u043a\u0438\u0439 \u0442\u0435\u0440\u044c\u0435\u0440",
        "kind": 1,
        "created_at": null,
        "status": 1
    }
},
{
    "model": "animals.breed",
    "pk": 8,
    "fields": {
        "name": "\u0410\u043d\u0433\u043b\u0438\u0439\u0441\u043a\u0438\u0439 \u043a\u043e\u043a\u0435\u0440-\u0441\u043f\u0430\u043d\u0438\u0435\u043b\u044c",
        "kind": 1,
        "created_at": null,
        "status": 1
    }
},
{
    "model": "animals.breed",
    "pk": 9,
    "fields": {
        "name": "\u0410\u043d\u0433\u043b\u0438\u0439\u0441\u043a\u0438\u0439 \u043c\u0430\u0441\u0442\u0438\u0444",
        "kind": 1,
        "created_at": null,
        "status": 1
    }
},
{
    "model": "animals.breed",
    "pk": 10,
    "fields": {
        "name": "\u0410\u043d\u0433\u043b\u0438\u0439\u0441\u043a\u0438\u0439 \u0441\u0435\u0442\u0442\u0435\u0440",
        "kind": 1,
        "created_at": null,
        "status": 1
    }
},
{
    "model": "animals.breed",
    "pk": 11,
    "fields": {
        "name": "\u0410\u0444\u0433\u0430\u043d\u0441\u043a\u0430\u044f \u0431\u043e\u0440\u0437\u0430\u044f",
        "kind": 1,
        "created_at": null,
        "status": 1
    }
},
{
    "model": "animals.breed",
    "pk": 12,
    "fields": {
        "name": "\u0411\u0430\u0432\u0430\u0440\u0441\u043a\u0430\u044f \u0433\u043e\u0440\u043d\u0430\u044f \u0433\u043e\u043d\u0447\u0430\u044f",
        "kind": 1,
        "created_at": null,
        "status": 1
    }
},
{
    "model": "animals.breed",
    "pk": 13,
    "fields": {
        "name": "\u0411\u0430\u0441\u0441\u0435\u0442-\u0445\u0430\u0443\u043d\u0434",
        "kind": 1,
        "created_at": null,
        "status": 1
    }
},
{
    "model": "animals.breed",
    "pk": 14,
    "fields": {
        "name": "\u0411\u0435\u0434\u043b\u0438\u043d\u0433\u0442\u043e\u043d \u0442\u0435\u0440\u044c\u0435\u0440",
        "kind": 1,
        "created_at": null,
        "status": 1
    }
},
{
    "model": "animals.breed",
    "pk": 15,
    "fields": {
        "name": "\u0411\u0435\u043b\u044c\u0433\u0438\u0439\u0441\u043a\u0430\u044f \u043e\u0432\u0447\u0430\u0440\u043a\u0430",
        "kind": 1,
        "created_at": null,
        "status": 1
    }
},
{
    "model": "animals.breed",
    "pk": 16,
    "fields": {
        "name": "\u0411\u0435\u043b\u044c\u0433\u0438\u0439\u0441\u043a\u0438\u0439 \u0433\u0440\u0438\u0444\u0444\u043e\u043d",
        "kind": 1,
        "created_at": null,
        "status": 1
    }
},
{
    "model": "animals.breed",
    "pk": 17,
    "fields": {
        "name": "\u0411\u0438\u0433\u043b\u044c",
        "kind": 1,
        "created_at": null,
        "status": 1
    }
},
{
    "model": "animals.breed",
    "pk": 18,
    "fields": {
        "name": "\u041d\u0435\u043c\u0435\u0446\u043a\u0438\u0439 \u0431\u043e\u043a\u0441\u0435\u0440",
        "kind": 1,
        "created_at": null,
        "status": 1
    }
},
{
    "model": "animals.breed",
    "pk": 19,
    "fields": {
        "name": "\u0411\u043e\u0440\u0434\u043e\u0441\u0441\u043a\u0438\u0439 \u0434\u043e\u0433",
        "kind": 1,
        "created_at": null,
        "status": 1
    }
},
{
    "model": "animals.breed",
    "pk": 20,
    "fields": {
        "name": "\u0411\u043e\u0440\u043e\u0434\u0430\u0442\u044b\u0439 \u043a\u043e\u043b\u043b\u0438",
        "kind": 1,
        "created_at": null,
        "status": 1
    }
},
{
    "model": "animals.breed",
    "pk": 21,
    "fields": {
        "name": "\u0411\u0440\u0438\u0430\u0440",
        "kind": 1,
        "created_at": null,
        "status": 1
    }
},
{
    "model": "animals.breed",
    "pk": 22,
    "fields": {
        "name": "\u0411\u0443\u0440\u0431\u0443\u043b\u044c",
        "kind": 1,
        "created_at": null,
        "status": 1
    }
},
{
    "model": "animals.breed",
    "pk": 23,
    "fields": {
        "name": "\u0412\u0435\u0439\u043c\u0430\u0440\u0441\u043a\u0430\u044f \u043b\u0435\u0433\u0430\u0432\u0430\u044f",
        "kind": 1,
        "created_at": null,
        "status": 1
    }
},
{
    "model": "animals.breed",
    "pk": 24,
    "fields": {
        "name": "\u0412\u0435\u043b\u044c\u0448 \u043a\u043e\u0440\u0433\u0438",
        "kind": 1,
        "created_at": null,
        "status": 1
    }
},
{
    "model": "animals.breed",
    "pk": 25,
    "fields": {
        "name": "\u0412\u0435\u043b\u044c\u0448\u0442\u0435\u0440\u044c\u0435\u0440",
        "kind": 1,
        "created_at": null,
        "status": 1
    }
},
{
    "model": "animals.breed",
    "pk": 26,
    "fields": {
        "name": "\u0412\u0435\u043d\u0433\u0435\u0440\u0441\u043a\u0438\u0439 \u043a\u0443\u0432\u0430\u0441",
        "kind": 1,
        "created_at": null,
        "status": 1
    }
},
{
    "model": "animals.breed",
    "pk": 27,
    "fields": {
        "name": "\u0412\u0435\u0441\u0442 \u0445\u0430\u0439\u043b\u0435\u043d\u0434 \u0443\u0430\u0439\u0442 \u0442\u0435\u0440\u044c\u0435\u0440",
        "kind": 1,
        "created_at": null,
        "status": 1
    }
},
{
    "model": "animals.breed",
    "pk": 28,
    "fields": {
        "name": "\u0412\u043e\u0441\u0442\u043e\u0447\u043d\u043e-\u0435\u0432\u0440\u043e\u043f\u0435\u0439\u0441\u043a\u0430\u044f \u043e\u0432\u0447\u0430\u0440\u043a\u0430",
        "kind": 1,
        "created_at": null,
        "status": 1
    }
},
{
    "model": "animals.breed",
    "pk": 29,
    "fields": {
        "name": "\u0414\u0430\u043b\u043c\u0430\u0442\u0438\u043d",
        "kind": 1,
        "created_at": null,
        "status": 1
    }
},
{
    "model": "animals.breed",
    "pk": 30,
    "fields": {
        "name": "\u0414\u0435\u043d\u0434\u0438-\u0434\u0438\u043d\u043c\u043e\u043d\u0442-\u0442\u0435\u0440\u044c\u0435\u0440",
        "kind": 1,
        "created_at": null,
        "status": 1
    }
},
{
    "model": "animals.breed",
    "pk": 31,
    "fields": {
        "name": "\u0414\u0436\u0435\u043a \u0420\u0430\u0441\u0441\u0435\u043b \u0442\u0435\u0440\u044c\u0435\u0440",
        "kind": 1,
        "created_at": null,
        "status": 1
    }
},
{
    "model": "animals.breed",
    "pk": 32,
    "fields": {
        "name": "\u0414\u043e\u0431\u0435\u0440\u043c\u0430\u043d",
        "kind": 1,
        "created_at": null,
        "status": 1
    }
},
{
    "model": "animals.breed",
    "pk": 33,
    "fields": {
        "name": "\u0417\u0430\u043f\u0430\u0434\u043d\u043e-\u0441\u0438\u0431\u0438\u0440\u0441\u043a\u0430\u044f \u043b\u0430\u0439\u043a\u0430",
        "kind": 1,
        "created_at": null,
        "status": 1
    }
},
{
    "model": "animals.breed",
    "pk": 34,
    "fields": {
        "name": "\u0417\u043e\u043b\u043e\u0442\u0438\u0441\u0442\u044b\u0439 \u0440\u0435\u0442\u0440\u0438\u0432\u0435\u0440",
        "kind": 1,
        "created_at": null,
        "status": 1
    }
},
{
    "model": "animals.breed",
    "pk": 35,
    "fields": {
        "name": "\u0419\u043e\u0440\u043a\u0448\u0438\u0440\u0441\u043a\u0438\u0439 \u0442\u0435\u0440\u044c\u0435\u0440",
        "kind": 1,
        "created_at": null,
        "status": 1
    }
},
{
    "model": "animals.breed",
    "pk": 36,
    "fields": {
        "name": "\u0418\u0440\u043b\u0430\u043d\u0434\u0441\u043a\u0438\u0439 \u0432\u043e\u043b\u043a\u043e\u0434\u0430\u0432",
        "kind": 1,
        "created_at": null,
        "status": 1
    }
},
{
    "model": "animals.breed",
    "pk": 37,
    "fields": {
        "name": "\u0418\u0440\u043b\u0430\u043d\u0434\u0441\u043a\u0438\u0439 \u0441\u0435\u0442\u0442\u0435\u0440",
        "kind": 1,
        "created_at": null,
        "status": 1
    }
},
{
    "model": "animals.breed",
    "pk": 38,
    "fields": {
        "name": "\u0418\u0440\u043b\u0430\u043d\u0434\u0441\u043a\u0438\u0439 \u0442\u0435\u0440\u044c\u0435\u0440",
        "kind": 1,
        "created_at": null,
        "status": 1
    }
},
{
    "model": "animals.breed",
    "pk": 39,
    "fields": {
        "name": "\u041a\u0430\u0432\u0430\u043b\u0435\u0440-\u043a\u0438\u043d\u0433-\u0447\u0430\u0440\u043b\u044c\u0437-\u0441\u043f\u0430\u043d\u0438\u0435\u043b\u044c",
        "kind": 1,
        "created_at": null,
        "status": 1
    }
},
{
    "model": "animals.breed",
    "pk": 40,
    "fields": {
        "name": "\u041a\u0430\u0432\u043a\u0430\u0437\u0441\u043a\u0430\u044f \u043e\u0432\u0447\u0430\u0440\u043a\u0430",
        "kind": 1,
        "created_at": null,
        "status": 1
    }
},
{
    "model": "animals.breed",
    "pk": 41,
    "fields": {
        "name": "\u041a\u0430\u043d\u0435 \u043a\u043e\u0440\u0441\u043e",
        "kind": 1,
        "created_at": null,
        "status": 1
    }
},
{
    "model": "animals.breed",
    "pk": 42,
    "fields": {
        "name": "\u041a\u0435\u0440\u043d-\u0442\u0435\u0440\u044c\u0435\u0440",
        "kind": 1,
        "created_at": null,
        "status": 1
    }
},
{
    "model": "animals.breed",
    "pk": 43,
    "fields": {
        "name": "\u041a\u0435\u0440\u0440\u0438-\u0431\u043b\u044e-\u0442\u0435\u0440\u044c\u0435\u0440",
        "kind": 1,
        "created_at": null,
        "status": 1
    }
},
{
    "model": "animals.breed",
    "pk": 44,
    "fields": {
        "name": "\u041a\u0438\u0442\u0430\u0439\u0441\u043a\u0430\u044f \u0445\u043e\u0445\u043b\u0430\u0442\u0430\u044f \u0441\u043e\u0431\u0430\u0447\u043a\u0430",
        "kind": 1,
        "created_at": null,
        "status": 1
    }
},
{
    "model": "animals.breed",
    "pk": 45,
    "fields": {
        "name": "\u041a\u043e\u043b\u043b\u0438",
        "kind": 1,
        "created_at": null,
        "status": 1
    }
},
{
    "model": "animals.breed",
    "pk": 46,
    "fields": {
        "name": "\u041a\u043e\u043c\u043e\u043d\u0434\u043e\u0440",
        "kind": 1,
        "created_at": null,
        "status": 1
    }
},
{
    "model": "animals.breed",
    "pk": 47,
    "fields": {
        "name": "\u041f\u0430\u043f\u0438\u0439\u043e\u043d",
        "kind": 1,
        "created_at": null,
        "status": 1
    }
},
{
    "model": "animals.breed",
    "pk": 48,
    "fields": {
        "name": "\u041b\u0430\u0431\u0440\u0430\u0434\u043e\u0440 \u0440\u0435\u0442\u0440\u0438\u0432\u0435\u0440",
        "kind": 1,
        "created_at": null,
        "status": 1
    }
},
{
    "model": "animals.breed",
    "pk": 49,
    "fields": {
        "name": "\u041b\u0435\u0432\u0440\u0435\u0442\u043a\u0430",
        "kind": 1,
        "created_at": null,
        "status": 1
    }
},
{
    "model": "animals.breed",
    "pk": 50,
    "fields": {
        "name": "\u041b\u0435\u043e\u043d\u0431\u0435\u0440\u0433\u0435\u0440",
        "kind": 1,
        "created_at": null,
        "status": 1
    }
},
{
    "model": "animals.breed",
    "pk": 51,
    "fields": {
        "name": "\u041b\u0445\u0430\u0441\u0430 \u0430\u043f\u0441\u043e",
        "kind": 1,
        "created_at": null,
        "status": 1
    }
},
{
    "model": "animals.breed",
    "pk": 52,
    "fields": {
        "name": "\u041c\u0430\u043b\u044c\u0442\u0438\u0439\u0441\u043a\u0430\u044f \u0431\u043e\u043b\u043e\u043d\u043a\u0430",
        "kind": 1,
        "created_at": null,
        "status": 1
    }
},
{
    "model": "animals.breed",
    "pk": 53,
    "fields": {
        "name": "\u041c\u0430\u0440\u0435\u043c\u043c\u043e-\u0430\u0431\u0440\u0443\u0446\u043a\u0430\u044f \u043e\u0432\u0447\u0430\u0440\u043a\u0430",
        "kind": 1,
        "created_at": null,
        "status": 1
    }
},
{
    "model": "animals.breed",
    "pk": 54,
    "fields": {
        "name": "\u041c\u0430\u0441\u0442\u0438\u043d\u043e-\u043d\u0430\u043f\u043e\u043b\u0435\u0442\u0430\u043d\u043e",
        "kind": 1,
        "created_at": null,
        "status": 1
    }
},
{
    "model": "animals.breed",
    "pk": 55,
    "fields": {
        "name": "\u041c\u0435\u043a\u0441\u0438\u043a\u0430\u043d\u0441\u043a\u0430\u044f \u0433\u043e\u043b\u0430\u044f \u0441\u043e\u0431\u0430\u043a\u0430",
        "kind": 1,
        "created_at": null,
        "status": 1
    }
},
{
    "model": "animals.breed",
    "pk": 56,
    "fields": {
        "name": "\u041c\u0438\u0442\u0435\u043b\u044c\u0448\u043d\u0430\u0443\u0446\u0435\u0440",
        "kind": 1,
        "created_at": null,
        "status": 1
    }
},
{
    "model": "animals.breed",
    "pk": 57,
    "fields": {
        "name": "\u041c\u043e\u043f\u0441",
        "kind": 1,
        "created_at": null,
        "status": 1
    }
},
{
    "model": "animals.breed",
    "pk": 58,
    "fields": {
        "name": "\u041d\u0435\u043c\u0435\u0446\u043a\u0430\u044f \u043e\u0432\u0447\u0430\u0440\u043a\u0430",
        "kind": 1,
        "created_at": null,
        "status": 1
    }
},
{
    "model": "animals.breed",
    "pk": 59,
    "fields": {
        "name": "\u041d\u0435\u043c\u0435\u0446\u043a\u0438\u0439 \u0448\u043f\u0438\u0446",
        "kind": 1,
        "created_at": null,
        "status": 1
    }
},
{
    "model": "animals.breed",
    "pk": 60,
    "fields": {
        "name": "\u041d\u0438\u0432\u0435\u0440\u043d\u0435\u0437\u0441\u043a\u0438\u0439 \u0433\u0440\u0438\u0444\u0444\u043e\u043d",
        "kind": 1,
        "created_at": null,
        "status": 1
    }
},
{
    "model": "animals.breed",
    "pk": 61,
    "fields": {
        "name": "\u041d\u043e\u0440\u0432\u0438\u0447-\u0442\u0435\u0440\u044c\u0435\u0440",
        "kind": 1,
        "created_at": null,
        "status": 1
    }
},
{
    "model": "animals.breed",
    "pk": 62,
    "fields": {
        "name": "\u041f\u0435\u043a\u0438\u043d\u0435\u0441",
        "kind": 1,
        "created_at": null,
        "status": 1
    }
},
{
    "model": "animals.breed",
    "pk": 63,
    "fields": {
        "name": "\u041f\u043e\u0439\u043d\u0442\u0435\u0440",
        "kind": 1,
        "created_at": null,
        "status": 1
    }
},
{
    "model": "animals.breed",
    "pk": 64,
    "fields": {
        "name": "\u041f\u0442\u0438-\u0431\u0440\u0430\u0431\u0430\u043d\u0441\u043e\u043d",
        "kind": 1,
        "created_at": null,
        "status": 1
    }
},
{
    "model": "animals.breed",
    "pk": 65,
    "fields": {
        "name": "\u041f\u0443\u0434\u0435\u043b\u044c",
        "kind": 1,
        "created_at": null,
        "status": 1
    }
},
{
    "model": "animals.breed",
    "pk": 66,
    "fields": {
        "name": "\u0420\u0438\u0437\u0435\u043d\u0448\u043d\u0430\u0443\u0446\u0435\u0440",
        "kind": 1,
        "created_at": null,
        "status": 1
    }
},
{
    "model": "animals.breed",
    "pk": 67,
    "fields": {
        "name": "\u0420\u043e\u0434\u0435\u0437\u0438\u0439\u0441\u043a\u0438\u0439 \u0440\u0438\u0434\u0436\u0431\u0435\u043a",
        "kind": 1,
        "created_at": null,
        "status": 1
    }
},
{
    "model": "animals.breed",
    "pk": 68,
    "fields": {
        "name": "\u0420\u043e\u0442\u0432\u0435\u0439\u043b\u0435\u0440",
        "kind": 1,
        "created_at": null,
        "status": 1
    }
},
{
    "model": "animals.breed",
    "pk": 69,
    "fields": {
        "name": "\u0420\u0443\u0441\u0441\u043a\u0430\u044f \u043f\u0441\u043e\u0432\u0430\u044f \u0431\u043e\u0440\u0437\u0430\u044f",
        "kind": 1,
        "created_at": null,
        "status": 1
    }
},
{
    "model": "animals.breed",
    "pk": 70,
    "fields": {
        "name": "\u0420\u0443\u0441\u0441\u043a\u0438\u0439 \u0433\u043b\u0430\u0434\u043a\u043e\u0448\u0435\u0440\u0441\u0442\u043d\u044b\u0439 \u0442\u043e\u0439-\u0442\u0435\u0440\u044c\u0435\u0440",
        "kind": 1,
        "created_at": null,
        "status": 1
    }
},
{
    "model": "animals.breed",
    "pk": 71,
    "fields": {
        "name": "\u0420\u0443\u0441\u0441\u043a\u0438\u0439 \u0434\u043b\u0438\u043d\u043d\u043e\u0448\u0435\u0440\u0441\u0442\u043d\u044b\u0439 \u0442\u043e\u0439-\u0442\u0435\u0440\u044c\u0435\u0440",
        "kind": 1,
        "created_at": null,
        "status": 1
    }
},
{
    "model": "animals.breed",
    "pk": 72,
    "fields": {
        "name": "\u0420\u0443\u0441\u0441\u043a\u0438\u0439 \u043e\u0445\u043e\u0442\u043d\u0438\u0447\u0438\u0439 \u0441\u043f\u0430\u043d\u0438\u0435\u043b\u044c",
        "kind": 1,
        "created_at": null,
        "status": 1
    }
},
{
    "model": "animals.breed",
    "pk": 73,
    "fields": {
        "name": "\u0420\u0443\u0441\u0441\u043a\u043e-\u0435\u0432\u0440\u043e\u043f\u0435\u0439\u0441\u043a\u0430\u044f \u043b\u0430\u0439\u043a\u0430",
        "kind": 1,
        "created_at": null,
        "status": 1
    }
},
{
    "model": "animals.breed",
    "pk": 74,
    "fields": {
        "name": "\u0421\u0435\u043d\u0431\u0435\u0440\u043d\u0430\u0440",
        "kind": 1,
        "created_at": null,
        "status": 1
    }
},
{
    "model": "animals.breed",
    "pk": 75,
    "fields": {
        "name": "\u0421\u0438\u0431\u0438\u0440\u0441\u043a\u0438\u0439 \u0445\u0430\u0441\u043a\u0438",
        "kind": 1,
        "created_at": null,
        "status": 1
    }
},
{
    "model": "animals.breed",
    "pk": 76,
    "fields": {
        "name": "\u0421\u043a\u043e\u0442\u0447-\u0442\u0435\u0440\u044c\u0435\u0440",
        "kind": 1,
        "created_at": null,
        "status": 1
    }
},
{
    "model": "animals.breed",
    "pk": 77,
    "fields": {
        "name": "\u0421\u0440\u0435\u0434\u043d\u0435\u0430\u0437\u0438\u0430\u0442\u0441\u043a\u0430\u044f \u043e\u0432\u0447\u0430\u0440\u043a\u0430",
        "kind": 1,
        "created_at": null,
        "status": 1
    }
},
{
    "model": "animals.breed",
    "pk": 78,
    "fields": {
        "name": "\u0421\u0442\u0430\u0444\u0444\u043e\u0440\u0434\u0448\u0438\u0440\u0441\u043a\u0438\u0439 \u0431\u0443\u043b\u044c\u0442\u0435\u0440\u044c\u0435\u0440",
        "kind": 1,
        "created_at": null,
        "status": 1
    }
},
{
    "model": "animals.breed",
    "pk": 79,
    "fields": {
        "name": "\u0422\u0430\u0439\u0441\u043a\u0438\u0439 \u0440\u0438\u0434\u0436\u0431\u0435\u043a",
        "kind": 1,
        "created_at": null,
        "status": 1
    }
},
{
    "model": "animals.breed",
    "pk": 80,
    "fields": {
        "name": "\u0422\u0430\u043a\u0441\u0430",
        "kind": 1,
        "created_at": null,
        "status": 1
    }
},
{
    "model": "animals.breed",
    "pk": 81,
    "fields": {
        "name": "\u0422\u043e\u0439-\u0442\u0435\u0440\u044c\u0435\u0440",
        "kind": 1,
        "created_at": null,
        "status": 1
    }
},
{
    "model": "animals.breed",
    "pk": 82,
    "fields": {
        "name": "\u0424\u0430\u0440\u0430\u043e\u043d\u043e\u0432\u0430 \u0441\u043e\u0431\u0430\u043a\u0430",
        "kind": 1,
        "created_at": null,
        "status": 1
    }
},
{
    "model": "animals.breed",
    "pk": 83,
    "fields": {
        "name": "\u0424\u043b\u0430\u043d\u0434\u0440\u0441\u043a\u0438\u0439 \u0431\u0443\u0432\u044c\u0435",
        "kind": 1,
        "created_at": null,
        "status": 1
    }
},
{
    "model": "animals.breed",
    "pk": 84,
    "fields": {
        "name": "\u0424\u043e\u043a\u0441\u0442\u0435\u0440\u044c\u0435\u0440",
        "kind": 1,
        "created_at": null,
        "status": 1
    }
},
{
    "model": "animals.breed",
    "pk": 85,
    "fields": {
        "name": "\u0424\u0440\u0430\u043d\u0446\u0443\u0437\u0441\u043a\u0438\u0439 \u0431\u0443\u043b\u044c\u0434\u043e\u0433",
        "kind": 1,
        "created_at": null,
        "status": 1
    }
},
{
    "model": "animals.breed",
    "pk": 86,
    "fields": {
        "name": "\u0426\u0432\u0435\u0440\u0433\u043f\u0438\u043d\u0447\u0435\u0440",
        "kind": 1,
        "created_at": null,
        "status": 1
    }
},
{
    "model": "animals.breed",
    "pk": 87,
    "fields": {
        "name": "\u0426\u0432\u0435\u0440\u0433\u0448\u043d\u0430\u0443\u0446\u0435\u0440",
        "kind": 1,
        "created_at": null,
        "status": 1
    }
},
{
    "model": "animals.breed",
    "pk": 88,
    "fields": {
        "name": "\u0427\u0430\u0443-\u0447\u0430\u0443",
        "kind": 1,
        "created_at": null,
        "status": 1
    }
},
{
    "model": "animals.breed",
    "pk": 89,
    "fields": {
        "name": "\u0427\u0438\u0440\u043d\u0435\u043a\u043e \u0434\u0435\u043b\u044c \u042d\u0442\u043d\u0430",
        "kind": 1,
        "created_at": null,
        "status": 1
    }
},
{
    "model": "animals.breed",
    "pk": 90,
    "fields": {
        "name": "\u0427\u0438\u0445\u0443\u0430\u0445\u0443\u0430",
        "kind": 1,
        "created_at": null,
        "status": 1
    }
},
{
    "model": "animals.breed",
    "pk": 91,
    "fields": {
        "name": "\u0428\u0430\u0440\u043f\u0435\u0439",
        "kind": 1,
        "created_at": null,
        "status": 1
    }
},
{
    "model": "animals.breed",
    "pk": 92,
    "fields": {
        "name": "\u0428\u0435\u043b\u0442\u0438",
        "kind": 1,
        "created_at": null,
        "status": 1
    }
},
{
    "model": "animals.breed",
    "pk": 93,
    "fields": {
        "name": "\u0428\u0438-\u0442\u0446\u0443",
        "kind": 1,
        "created_at": null,
        "status": 1
    }
},
{
    "model": "animals.breed",
    "pk": 94,
    "fields": {
        "name": "\u042d\u0440\u0434\u0435\u043b\u044c\u0442\u0435\u0440\u044c\u0435\u0440",
        "kind": 1,
        "created_at": null,
        "status": 1
    }
},
{
    "model": "animals.breed",
    "pk": 95,
    "fields": {
        "name": "\u042f\u0433\u0434\u0442\u0435\u0440\u044c\u0435\u0440",
        "kind": 1,
        "created_at": null,
        "status": 1
    }
},
{
    "model": "animals.breed",
    "pk": 96,
    "fields": {
        "name": "\u042f\u043f\u043e\u043d\u0441\u043a\u0438\u0439 \u0445\u0438\u043d",
        "kind": 1,
        "created_at": null,
        "status": 1
    }
},
{
    "model": "animals.breed",
    "pk": 97,
    "fields": {
        "name": "\u041b\u0435\u043e\u043f\u0430\u0440\u0434\u043e\u0432\u0430\u044f \u0441\u043e\u0431\u0430\u043a\u0430 \u0438\u0437 \u041b\u0443\u0438\u0437\u0438\u0430\u043d\u044b",
        "kind": 1,
        "created_at": null,
        "status": 1
    }
},
{
    "model": "animals.breed",
    "pk": 98,
    "fields": {
        "name": "\u0411\u0438\u0448\u043e\u043d-\u0424\u0440\u0438\u0437\u0435",
        "kind": 1,
        "created_at": null,
        "status": 1
    }
},
{
    "model": "animals.breed",
    "pk": 99,
    "fields": {
        "name": "\u0414\u0440\u0430\u0442\u0445\u0430\u0430\u0440",
        "kind": 1,
        "created_at": null,
        "status": 1
    }
},
{
    "model": "animals.breed",
    "pk": 100,
    "fields": {
        "name": "\u041c\u0435\u0442\u0438\u0441",
        "kind": 2,
        "created_at": null,
        "status": 1
    }
},
{
    "model": "animals.breed",
    "pk": 101,
    "fields": {
        "name": "\u0414\u043e\u043c\u0430\u0448\u043d\u044f\u044f \u043a\u043e\u0448\u043a\u0430",
        "kind": 2,
        "created_at": null,
        "status": 1
    }
},
{
    "model": "animals.breed",
    "pk": 102,
    "fields": {
        "name": "\u0410\u0431\u0438\u0441\u0441\u0438\u043d\u0441\u043a\u0430\u044f ",
        "kind": 2,
        "created_at": null,
        "status": 1
    }
},
{
    "model": "animals.breed",
    "pk": 103,
    "fields": {
        "name": "\u0410\u043c\u0435\u0440\u0438\u043a\u0430\u043d\u0441\u043a\u0430\u044f \u0436\u0435\u0441\u0442\u043a\u043e\u0448\u0435\u0440\u0441\u0442\u043d\u0430\u044f",
        "kind": 2,
        "created_at": null,
        "status": 1
    }
},
{
    "model": "animals.breed",
    "pk": 104,
    "fields": {
        "name": "\u0410\u043c\u0435\u0440\u0438\u043a\u0430\u043d\u0441\u043a\u0430\u044f \u043a\u043e\u0440\u043e\u0442\u043a\u043e\u0448\u0435\u0440\u0441\u0442\u043d\u0430\u044f",
        "kind": 2,
        "created_at": null,
        "status": 1
    }
},
{
    "model": "animals.breed",
    "pk": 105,
    "fields": {
        "name": "\u0410\u043c\u0435\u0440\u0438\u043a\u0430\u043d\u0441\u043a\u0438\u0439 \u0431\u043e\u0431\u0442\u0435\u0439\u043b \u0434\u043b\u0438\u043d\u043d\u043e\u0448\u0435\u0440\u0441\u0442\u043d\u044b\u0439",
        "kind": 2,
        "created_at": null,
        "status": 1
    }
},
{
    "model": "animals.breed",
    "pk": 106,
    "fields": {
        "name": "\u0410\u043c\u0435\u0440\u0438\u043a\u0430\u043d\u0441\u043a\u0438\u0439 \u0431\u043e\u0431\u0442\u0435\u0439\u043b \u043a\u043e\u0440\u043e\u0442\u043a\u043e\u0448\u0435\u0440\u0441\u0442\u043d\u044b\u0439",
        "kind": 2,
        "created_at": null,
        "status": 1
    }
},
{
    "model": "animals.breed",
    "pk": 107,
    "fields": {
        "name": "\u0410\u043c\u0435\u0440\u0438\u043a\u0430\u043d\u0441\u043a\u0438\u0439 \u043a\u0435\u0440\u043b \u0434\u043b\u0438\u043d\u043d\u043e\u0448\u0435\u0440\u0441\u0442\u043d\u044b\u0439 ",
        "kind": 2,
        "created_at": null,
        "status": 1
    }
},
{
    "model": "animals.breed",
    "pk": 108,
    "fields": {
        "name": "\u0410\u043c\u0435\u0440\u0438\u043a\u0430\u043d\u0441\u043a\u0438\u0439 \u043a\u0435\u0440\u043b \u043a\u043e\u0440\u043e\u0442\u043a\u043e\u0448\u0435\u0440\u0441\u0442\u043d\u044b\u0439 ",
        "kind": 2,
        "created_at": null,
        "status": 1
    }
},
{
    "model": "animals.breed",
    "pk": 109,
    "fields": {
        "name": "\u0411\u0430\u043b\u0438\u043d\u0435\u0437\u0438\u0439\u0441\u043a\u0430\u044f (\u0431\u0430\u043b\u0438\u043d\u0435\u0437)",
        "kind": 2,
        "created_at": null,
        "status": 1
    }
},
{
    "model": "animals.breed",
    "pk": 110,
    "fields": {
        "name": "\u0411\u0435\u043d\u0433\u0430\u043b\u044c\u0441\u043a\u0430\u044f \u043a\u043e\u0440\u043e\u0442\u043a\u043e\u0448\u0435\u0440\u0441\u0442\u043d\u0430\u044f (\u0431\u0435\u043d\u0433\u0430\u043b) ",
        "kind": 2,
        "created_at": null,
        "status": 1
    }
},
{
    "model": "animals.breed",
    "pk": 111,
    "fields": {
        "name": "\u0411\u043e\u043c\u0431\u0435\u0439",
        "kind": 2,
        "created_at": null,
        "status": 1
    }
},
{
    "model": "animals.breed",
    "pk": 112,
    "fields": {
        "name": "\u0411\u0440\u0438\u0442\u0430\u043d\u0441\u043a\u0430\u044f \u0434\u043b\u0438\u043d\u043d\u043e\u0448\u0435\u0440\u0441\u0442\u043d\u0430\u044f ",
        "kind": 2,
        "created_at": null,
        "status": 1
    }
},
{
    "model": "animals.breed",
    "pk": 113,
    "fields": {
        "name": "\u0411\u0440\u0438\u0442\u0430\u043d\u0441\u043a\u0430\u044f \u043a\u043e\u0440\u043e\u0442\u043a\u043e\u0448\u0435\u0440\u0441\u0442\u043d\u0430\u044f ",
        "kind": 2,
        "created_at": null,
        "status": 1
    }
},
{
    "model": "animals.breed",
    "pk": 114,
    "fields": {
        "name": "\u0411\u0440\u0430\u0437\u0438\u043b\u044c\u0441\u043a\u0430\u044f \u043a\u043e\u0440\u043e\u0442\u043a\u043e\u0448\u0435\u0440\u0441\u0442\u043d\u0430\u044f (WCF)",
        "kind": 2,
        "created_at": null,
        "status": 1
    }
},
{
    "model": "animals.breed",
    "pk": 115,
    "fields": {
        "name": "\u0411\u0443\u0440\u043c\u0438\u043b\u043b\u0430",
        "kind": 2,
        "created_at": null,
        "status": 1
    }
},
{
    "model": "animals.breed",
    "pk": 116,
    "fields": {
        "name": "\u0411\u0443\u0440\u043c\u0435\u0437\u0441\u043a\u0430\u044f \u043a\u043e\u0440\u043e\u0442\u043a\u043e\u0448\u0435\u0440\u0441\u0442\u043d\u0430\u044f (\u0431\u0443\u0440\u043c\u0430) ",
        "kind": 2,
        "created_at": null,
        "status": 1
    }
},
{
    "model": "animals.breed",
    "pk": 117,
    "fields": {
        "name": "\u0413\u0435\u0440\u043c\u0430\u043d-\u0440\u0435\u043a\u0441 (\u043d\u0435\u043c\u0435\u0446\u043a\u0438\u0439 \u0440\u0435\u043a\u0441)",
        "kind": 2,
        "created_at": null,
        "status": 1
    }
},
{
    "model": "animals.breed",
    "pk": 118,
    "fields": {
        "name": "\u0413\u0430\u0432\u0430\u043d\u0430 \u0431\u0440\u0430\u0443\u043d",
        "kind": 2,
        "created_at": null,
        "status": 1
    }
},
{
    "model": "animals.breed",
    "pk": 119,
    "fields": {
        "name": "\u0414\u0435\u0432\u043e\u043d-\u0440\u0435\u043a\u0441 ",
        "kind": 2,
        "created_at": null,
        "status": 1
    }
},
{
    "model": "animals.breed",
    "pk": 120,
    "fields": {
        "name": "\u0414\u043e\u043d\u0441\u043a\u043e\u0439 \u0441\u0444\u0438\u043d\u043a\u0441 ",
        "kind": 2,
        "created_at": null,
        "status": 1
    }
},
{
    "model": "animals.breed",
    "pk": 121,
    "fields": {
        "name": "\u0415\u0432\u0440\u043e\u043f\u0435\u0439\u0441\u043a\u0430\u044f \u043a\u043e\u0440\u043e\u0442\u043a\u043e\u0448\u0435\u0440\u0441\u0442\u043d\u0430\u044f ",
        "kind": 2,
        "created_at": null,
        "status": 1
    }
},
{
    "model": "animals.breed",
    "pk": 122,
    "fields": {
        "name": "\u041a\u043e\u0440\u043d\u0438\u0448-\u0440\u0435\u043a\u0441 ",
        "kind": 2,
        "created_at": null,
        "status": 1
    }
},
{
    "model": "animals.breed",
    "pk": 123,
    "fields": {
        "name": "\u041a\u0430\u043b\u0438\u0444\u043e\u0440\u043d\u0438\u0439\u0441\u043a\u0430\u044f \u0441\u043f\u0435\u043d\u0433\u043b\u0435\u0434 (\u0441\u0438\u044f\u044e\u0449\u0430\u044f)",
        "kind": 2,
        "created_at": null,
        "status": 1
    }
},
{
    "model": "animals.breed",
    "pk": 124,
    "fields": {
        "name": "\u041a\u0438\u043c\u0440\u0438\u043a (\u0434\u043b\u0438\u043d\u043d\u043e\u0448\u0435\u0440\u0441\u0442\u043d\u044b\u0439 \u043c\u0430\u043d\u043a\u0441)",
        "kind": 2,
        "created_at": null,
        "status": 1
    }
},
{
    "model": "animals.breed",
    "pk": 125,
    "fields": {
        "name": "\u041a\u0430\u0440\u0435\u043b\u044c\u0441\u043a\u0438\u0439 \u0431\u043e\u0431\u0442\u0435\u0439\u043b \u043a\u043e\u0440\u043e\u0442\u043a\u043e\u0448\u0435\u0440\u0441\u0442\u043d\u044b\u0439",
        "kind": 2,
        "created_at": null,
        "status": 1
    }
},
{
    "model": "animals.breed",
    "pk": 126,
    "fields": {
        "name": "\u041a\u0443\u0440\u0438\u043b\u044c\u0441\u043a\u0438\u0439 \u0431\u043e\u0431\u0442\u0435\u0439\u043b \u043f\u043e\u043b\u0443\u0434\u043b\u0438\u043d\u043d\u043e\u0448\u0435\u0440\u0441\u0442\u043d\u044b\u0439 ",
        "kind": 2,
        "created_at": null,
        "status": 1
    }
},
{
    "model": "animals.breed",
    "pk": 127,
    "fields": {
        "name": "\u041a\u0443\u0440\u0438\u043b\u044c\u0441\u043a\u0438\u0439 \u0431\u043e\u0431\u0442\u0435\u0439\u043b \u043a\u043e\u0440\u043e\u0442\u043a\u043e\u0448\u0435\u0440\u0441\u0442\u043d\u044b\u0439 ",
        "kind": 2,
        "created_at": null,
        "status": 1
    }
},
{
    "model": "animals.breed",
    "pk": 128,
    "fields": {
        "name": "\u041a\u043e\u0440\u0430\u0442",
        "kind": 2,
        "created_at": null,
        "status": 1
    }
},
{
    "model": "animals.breed",
    "pk": 129,
    "fields": {
        "name": "\u041b\u0430\u043f\u0435\u0440\u043c \u0434\u043b\u0438\u043d\u043d\u043e\u0448\u0435\u0440\u0441\u0442\u043d\u0430\u044f ",
        "kind": 2,
        "created_at": null,
        "status": 1
    }
},
{
    "model": "animals.breed",
    "pk": 130,
    "fields": {
        "name": "\u041b\u0430\u043f\u0435\u0440\u043c \u043a\u043e\u0440\u043e\u0442\u043a\u043e\u0448\u0435\u0440\u0441\u0442\u043d\u0430\u044f ",
        "kind": 2,
        "created_at": null,
        "status": 1
    }
},
{
    "model": "animals.breed",
    "pk": 131,
    "fields": {
        "name": "\u041c\u044d\u043d\u0441\u043a\u0430\u044f \u0431\u0435\u0437\u0445\u0432\u043e\u0441\u0442\u0430\u044f (\u043c\u0430\u043d\u043a\u0441)",
        "kind": 2,
        "created_at": null,
        "status": 1
    }
},
{
    "model": "animals.breed",
    "pk": 132,
    "fields": {
        "name": "\u0415\u0433\u0438\u043f\u0435\u0442\u0441\u043a\u0438\u0439 \u043c\u0430\u0443",
        "kind": 2,
        "created_at": null,
        "status": 1
    }
},
{
    "model": "animals.breed",
    "pk": 133,
    "fields": {
        "name": "\u041c\u0435\u043a\u043e\u043d\u0433\u0441\u043a\u0438\u0439 (\u0442\u0430\u0439\u0441\u043a\u0438\u0439) \u0431\u043e\u0431\u0442\u0435\u0439\u043b ",
        "kind": 2,
        "created_at": null,
        "status": 1
    }
},
{
    "model": "animals.breed",
    "pk": 134,
    "fields": {
        "name": "\u041c\u0435\u0439\u043d-\u043a\u0443\u043d (\u043c\u044d\u0439\u043d-\u043a\u0443\u043d) ",
        "kind": 2,
        "created_at": null,
        "status": 1
    }
},
{
    "model": "animals.breed",
    "pk": 135,
    "fields": {
        "name": "\u041d\u0435\u0432\u0441\u043a\u0430\u044f \u043c\u0430\u0441\u043a\u0430\u0440\u0430\u0434\u043d\u0430\u044f ",
        "kind": 2,
        "created_at": null,
        "status": 1
    }
},
{
    "model": "animals.breed",
    "pk": 136,
    "fields": {
        "name": "\u041d\u0438\u0431\u0435\u043b\u0443\u043d\u0433",
        "kind": 2,
        "created_at": null,
        "status": 1
    }
},
{
    "model": "animals.breed",
    "pk": 137,
    "fields": {
        "name": "\u041d\u043e\u0440\u0432\u0435\u0436\u0441\u043a\u0430\u044f \u043b\u0435\u0441\u043d\u0430\u044f ",
        "kind": 2,
        "created_at": null,
        "status": 1
    }
},
{
    "model": "animals.breed",
    "pk": 138,
    "fields": {
        "name": "\u041e\u0440\u0438\u0435\u043d\u0442\u0430\u043b\u044c\u043d\u0430\u044f \u043a\u043e\u0440\u043e\u0442\u043a\u043e\u0448\u0435\u0440\u0441\u0442\u043d\u0430\u044f ",
        "kind": 2,
        "created_at": null,
        "status": 1
    }
},
{
    "model": "animals.breed",
    "pk": 139,
    "fields": {
        "name": "\u041e\u0446\u0438\u043a\u0435\u0442 ",
        "kind": 2,
        "created_at": null,
        "status": 1
    }
},
{
    "model": "animals.breed",
    "pk": 140,
    "fields": {
        "name": "\u041e\u0445\u043e\u0441 \u0410\u0437\u0443\u043b\u0435\u0441",
        "kind": 2,
        "created_at": null,
        "status": 1
    }
},
{
    "model": "animals.breed",
    "pk": 141,
    "fields": {
        "name": "\u041f\u0435\u0442\u0435\u0440\u0431\u043e\u043b\u0434 (\u041f\u0435\u0442\u0435\u0440\u0431\u0443\u0440\u0433\u0441\u043a\u0438\u0439 \u0441\u0444\u0438\u043d\u043a\u0441) ",
        "kind": 2,
        "created_at": null,
        "status": 1
    }
},
{
    "model": "animals.breed",
    "pk": 142,
    "fields": {
        "name": "\u041f\u0435\u0440\u0441\u0438\u0434\u0441\u043a\u0430\u044f ",
        "kind": 2,
        "created_at": null,
        "status": 1
    }
},
{
    "model": "animals.breed",
    "pk": 143,
    "fields": {
        "name": "\u041f\u0438\u043a\u0441\u0438\u0431\u043e\u0431",
        "kind": 2,
        "created_at": null,
        "status": 1
    }
},
{
    "model": "animals.breed",
    "pk": 144,
    "fields": {
        "name": "\u0420\u044d\u0433\u0434\u043e\u043b\u043b",
        "kind": 2,
        "created_at": null,
        "status": 1
    }
},
{
    "model": "animals.breed",
    "pk": 145,
    "fields": {
        "name": "\u041f\u0443\u0434\u0435\u043b\u044c\u043a\u044d\u0442 \u0434\u043b\u0438\u043d\u043d\u043e\u0448\u0435\u0440\u0441\u0442\u043d\u044b\u0439",
        "kind": 2,
        "created_at": null,
        "status": 1
    }
},
{
    "model": "animals.breed",
    "pk": 146,
    "fields": {
        "name": "\u041f\u0443\u0434\u0435\u043b\u044c\u043a\u044d\u0442 \u043a\u043e\u0440\u043e\u0442\u043a\u043e\u0448\u0435\u0440\u0441\u0442\u043d\u044b\u0439",
        "kind": 2,
        "created_at": null,
        "status": 1
    }
},
{
    "model": "animals.breed",
    "pk": 147,
    "fields": {
        "name": "\u0420\u0443\u0441\u0441\u043a\u0430\u044f \u0433\u043e\u043b\u0443\u0431\u0430\u044f ",
        "kind": 2,
        "created_at": null,
        "status": 1
    }
},
{
    "model": "animals.breed",
    "pk": 148,
    "fields": {
        "name": "\u0421\u0432\u044f\u0449\u0435\u043d\u043d\u0430\u044f \u0431\u0438\u0440\u043c\u0430 ",
        "kind": 2,
        "created_at": null,
        "status": 1
    }
},
{
    "model": "animals.breed",
    "pk": 149,
    "fields": {
        "name": "\u0421\u0435\u043b\u043a\u0438\u0440\u043a-\u0440\u0435\u043a\u0441 \u0434\u043b\u0438\u043d\u043d\u043e\u0448\u0435\u0440\u0441\u0442\u043d\u044b\u0439 ",
        "kind": 2,
        "created_at": null,
        "status": 1
    }
},
{
    "model": "animals.breed",
    "pk": 150,
    "fields": {
        "name": "\u0421\u0435\u043b\u043a\u0438\u0440\u043a-\u0440\u0435\u043a\u0441 \u043a\u043e\u0440\u043e\u0442\u043a\u043e\u0448\u0435\u0440\u0441\u0442\u043d\u044b\u0439 ",
        "kind": 2,
        "created_at": null,
        "status": 1
    }
},
{
    "model": "animals.breed",
    "pk": 151,
    "fields": {
        "name": "\u0421\u0438\u0430\u043c\u0441\u043a\u0430\u044f \u043a\u043e\u0440\u043e\u0442\u043a\u043e\u0448\u0435\u0440\u0441\u0442\u043d\u0430\u044f ",
        "kind": 2,
        "created_at": null,
        "status": 1
    }
},
{
    "model": "animals.breed",
    "pk": 152,
    "fields": {
        "name": "\u0421\u0438\u0431\u0438\u0440\u0441\u043a\u0430\u044f ",
        "kind": 2,
        "created_at": null,
        "status": 1
    }
},
{
    "model": "animals.breed",
    "pk": 153,
    "fields": {
        "name": "\u0421\u0438\u043d\u0433\u0430\u043f\u0443\u0440\u0430 ",
        "kind": 2,
        "created_at": null,
        "status": 1
    }
},
{
    "model": "animals.breed",
    "pk": 154,
    "fields": {
        "name": "\u0421\u043a\u043e\u0442\u0442\u0438\u0448 \u0444\u043e\u043b\u0434 \u0434\u043b\u0438\u043d\u043d\u043e\u0448\u0435\u0440\u0441\u0442\u043d\u044b\u0439 ",
        "kind": 2,
        "created_at": null,
        "status": 1
    }
},
{
    "model": "animals.breed",
    "pk": 155,
    "fields": {
        "name": "\u0421\u043a\u043e\u0442\u0442\u0438\u0448 \u0444\u043e\u043b\u0434 \u043a\u043e\u0440\u043e\u0442\u043a\u043e\u0448\u0435\u0440\u0441\u0442\u043d\u044b\u0439 ",
        "kind": 2,
        "created_at": null,
        "status": 1
    }
},
{
    "model": "animals.breed",
    "pk": 156,
    "fields": {
        "name": "\u0421\u043d\u043e\u0443-\u0448\u0443",
        "kind": 2,
        "created_at": null,
        "status": 1
    }
},
{
    "model": "animals.breed",
    "pk": 157,
    "fields": {
        "name": "\u0421\u043e\u043c\u0430\u043b\u0438 (\u0410\u0431\u0438\u0441\u0441\u0438\u043d\u0441\u043a\u0430\u044f \u043f\u043e\u043b\u0443\u0434\u043b\u0438\u043d\u043d\u043e\u0448\u0435\u0440\u0441\u0442\u043d\u0430\u044f) ",
        "kind": 2,
        "created_at": null,
        "status": 1
    }
},
{
    "model": "animals.breed",
    "pk": 158,
    "fields": {
        "name": "\u0421\u043e\u0443\u043a\u043e\u043a",
        "kind": 2,
        "created_at": null,
        "status": 1
    }
},
{
    "model": "animals.breed",
    "pk": 159,
    "fields": {
        "name": "\u0421\u0444\u0438\u043d\u043a\u0441 (\u041a\u0430\u043d\u0430\u0434\u0441\u043a\u0438\u0439 \u0441\u0444\u0438\u043d\u043a\u0441) ",
        "kind": 2,
        "created_at": null,
        "status": 1
    }
},
{
    "model": "animals.breed",
    "pk": 160,
    "fields": {
        "name": "\u0422\u0430\u0439\u0441\u043a\u0430\u044f \u043a\u043e\u0440\u043e\u0442\u043a\u043e\u0448\u0435\u0440\u0441\u0442\u043d\u0430\u044f",
        "kind": 2,
        "created_at": null,
        "status": 1
    }
},
{
    "model": "animals.breed",
    "pk": 161,
    "fields": {
        "name": "\u0422\u0438\u0444\u0444\u0430\u043d\u0438",
        "kind": 2,
        "created_at": null,
        "status": 1
    }
},
{
    "model": "animals.breed",
    "pk": 162,
    "fields": {
        "name": "\u0422\u043e\u0439-\u0431\u043e\u0431",
        "kind": 2,
        "created_at": null,
        "status": 1
    }
},
{
    "model": "animals.breed",
    "pk": 163,
    "fields": {
        "name": "\u0422\u043e\u0439\u0433\u0435\u0440 ",
        "kind": 2,
        "created_at": null,
        "status": 1
    }
},
{
    "model": "animals.breed",
    "pk": 164,
    "fields": {
        "name": "\u0422\u043e\u043d\u043a\u0438\u043d\u0441\u043a\u0430\u044f \u043a\u043e\u0440\u043e\u0442\u043a\u043e\u0448\u0435\u0440\u0441\u0442\u043d\u0430\u044f",
        "kind": 2,
        "created_at": null,
        "status": 1
    }
},
{
    "model": "animals.breed",
    "pk": 165,
    "fields": {
        "name": "\u0422\u0443\u0440\u0435\u0446\u043a\u0430\u044f \u0430\u043d\u0433\u043e\u0440\u0430 ",
        "kind": 2,
        "created_at": null,
        "status": 1
    }
},
{
    "model": "animals.breed",
    "pk": 166,
    "fields": {
        "name": "\u0422\u0443\u0440\u0435\u0446\u043a\u0438\u0439 \u0432\u0430\u043d",
        "kind": 2,
        "created_at": null,
        "status": 1
    }
},
{
    "model": "animals.breed",
    "pk": 167,
    "fields": {
        "name": "\u0423\u0440\u0430\u043b\u044c\u0441\u043a\u0438\u0439 \u0440\u0435\u043a\u0441 \u043f\u043e\u043b\u0443\u0434\u043b\u0438\u043d\u043d\u043e\u0448\u0435\u0440\u0441\u0442\u043d\u044b\u0439",
        "kind": 2,
        "created_at": null,
        "status": 1
    }
},
{
    "model": "animals.breed",
    "pk": 168,
    "fields": {
        "name": "\u0423\u0440\u0430\u043b\u044c\u0441\u043a\u0438\u0439 \u0440\u0435\u043a\u0441 \u043a\u043e\u0440\u043e\u0442\u043a\u043e\u0448\u0435\u0440\u0441\u0442\u043d\u044b\u0439",
        "kind": 2,
        "created_at": null,
        "status": 1
    }
},
{
    "model": "animals.breed",
    "pk": 169,
    "fields": {
        "name": "\u0423\u0441\u0441\u0443\u0440\u0438",
        "kind": 2,
        "created_at": null,
        "status": 1
    }
},
{
    "model": "animals.breed",
    "pk": 170,
    "fields": {
        "name": "\u0428\u0430\u0440\u0442\u0440\u0435\u0437",
        "kind": 2,
        "created_at": null,
        "status": 1
    }
},
{
    "model": "animals.breed",
    "pk": 171,
    "fields": {
        "name": "\u0426\u0435\u0439\u043b\u043e\u043d",
        "kind": 2,
        "created_at": null,
        "status": 1
    }
},
{
    "model": "animals.breed",
    "pk": 172,
    "fields": {
        "name": "\u042d\u043a\u0437\u043e\u0442\u0438\u0447\u0435\u0441\u043a\u0430\u044f \u043a\u043e\u0440\u043e\u0442\u043a\u043e\u0448\u0435\u0440\u0441\u0442\u043d\u0430\u044f ",
        "kind": 2,
        "created_at": null,
        "status": 1
    }
},
{
    "model": "animals.breed",
    "pk": 173,
    "fields": {
        "name": "Ragamaffin (\u0410\u043c\u0435\u0440\u0438\u043a\u0430)",
        "kind": 2,
        "created_at": null,
        "status": 1
    }
},
{
    "model": "animals.breed",
    "pk": 174,
    "fields": {
        "name": "Chausie (\u0410\u043c\u0435\u0440\u0438\u043a\u0430)",
        "kind": 2,
        "created_at": null,
        "status": 1
    }
},
{
    "model": "animals.breed",
    "pk": 175,
    "fields": {
        "name": "Hiland Lynx Cat (\u0410\u043c\u0435\u0440\u0438\u043a\u0430)",
        "kind": 2,
        "created_at": null,
        "status": 1
    }
},
{
    "model": "animals.breed",
    "pk": 176,
    "fields": {
        "name": "Spotted Mist (\u0410\u0432\u0441\u0442\u0440\u0430\u043b\u0438\u044f)",
        "kind": 2,
        "created_at": null,
        "status": 1
    }
},
{
    "model": "animals.breed",
    "pk": 177,
    "fields": {
        "name": "Tiffany (\u0410\u043d\u0433\u043b\u0438\u044f)",
        "kind": 2,
        "created_at": null,
        "status": 1
    }
},
{
    "model": "animals.breed",
    "pk": 178,
    "fields": {
        "name": "Jungle Lynx Cat (\u0410\u043c\u0435\u0440\u0438\u043a\u0430)",
        "kind": 2,
        "created_at": null,
        "status": 1
    }
},
{
    "model": "animals.breed",
    "pk": 179,
    "fields": {
        "name": "Bristol (\u0410\u043d\u0433\u043b\u0438\u044f)",
        "kind": 2,
        "created_at": null,
        "status": 1
    }
},
{
    "model": "animals.breed",
    "pk": 180,
    "fields": {
        "name": "Savannah (\u0410\u043c\u0435\u0440\u0438\u043a\u0430)",
        "kind": 2,
        "created_at": null,
        "status": 1
    }
},
{
    "model": "animals.breed",
    "pk": 181,
    "fields": {
        "name": "Bohemia Rex (\u0415\u0432\u0440\u043e\u043f\u0430)",
        "kind": 2,
        "created_at": null,
        "status": 1
    }
},
{
    "model": "animals.breed",
    "pk": 182,
    "fields": {
        "name": "York Chocolate (\u0410\u043c\u0435\u0440\u0438\u043a\u0430)",
        "kind": 2,
        "created_at": null,
        "status": 1
    }
},
{
    "model": "animals.breed",
    "pk": 183,
    "fields": {
        "name": "\u042f\u0432\u0430\u043d\u0441\u043a\u0430\u044f (\u044f\u0432\u0430\u043d\u0435\u0437)",
        "kind": 2,
        "created_at": null,
        "status": 1
    }
},
{
    "model": "animals.breed",
    "pk": 184,
    "fields": {
        "name": "\u042f\u043f\u043e\u043d\u0441\u043a\u0438\u0439 \u0431\u043e\u0431\u0442\u0435\u0439\u043b \u0434\u043b\u0438\u043d\u043d\u043e\u0448\u0435\u0440\u0441\u0442\u043d\u044b\u0439 ",
        "kind": 2,
        "created_at": null,
        "status": 1
    }
},
{
    "model": "items.category",
    "pk": 1,
    "fields": {
        "name": "\u0416\u0438\u0432\u043e\u0442\u043d\u044b\u0435",
        "url_alias": "pets",
        "alias": "pets",
        "created_at": "2016-08-03T10:23:35Z",
        "status": 1
    }
},
{
    "model": "items.type",
    "pk": 1,
    "fields": {
        "category": 1,
        "url_alias": "propala",
        "name": "\u041f\u0440\u043e\u043f\u0430\u043b\u0430",
        "created_at": "2016-07-20T11:13:00Z",
        "status": 1
    }
},
{
    "model": "items.type",
    "pk": 2,
    "fields": {
        "category": 1,
        "url_alias": "naidena",
        "name": "\u041d\u0430\u0439\u0434\u0435\u043d\u0430",
        "created_at": "2016-07-20T11:13:00Z",
        "status": 1
    }
},
{
    "model": "items.type",
    "pk": 3,
    "fields": {
        "category": 1,
        "url_alias": "otdam",
        "name": "\u041e\u0442\u0434\u0430\u043c",
        "created_at": "2016-07-20T11:13:00Z",
        "status": 1
    }
},
{
    "model": "items.complainttype",
    "pk": 1,
    "fields": {
        "name": "\u0416\u0438\u0432\u043e\u0442\u043d\u043e\u0435 \u043f\u0440\u043e\u0434\u0430\u043d\u043e",
        "code_name": "already_sold",
        "created_at": "2016-12-09T17:30:26.060Z",
        "category": 1,
        "order": 0,
        "status": 1
    }
},
{
    "model": "items.complainttype",
    "pk": 2,
    "fields": {
        "name": "\u041d\u0435\u0432\u0435\u0440\u043d\u0430\u044f \u0446\u0435\u043d\u0430",
        "code_name": "invalid_price",
        "created_at": "2016-12-09T17:30:35.101Z",
        "category": 1,
        "order": 0,
        "status": 1
    }
},
{
    "model": "items.complainttype",
    "pk": 3,
    "fields": {
        "name": "\u041d\u0435 \u0434\u043e\u0437\u0432\u043e\u043d\u0438\u0442\u044c\u0441\u044f",
        "code_name": "not_call",
        "created_at": "2016-12-09T17:30:44.135Z",
        "category": 1,
        "order": 0,
        "status": 1
    }
},
{
    "model": "items.complainttype",
    "pk": 4,
    "fields": {
        "name": "\u042d\u0442\u043e \u043d\u0435 \u0447\u0430\u0441\u0442\u043d\u043e\u0435 \u043b\u0438\u0446\u043e",
        "code_name": "not_private_individual",
        "created_at": "2016-12-09T17:30:56.456Z",
        "category": 1,
        "order": 0,
        "status": 1
    }
},
{
    "model": "items.complainttype",
    "pk": 5,
    "fields": {
        "name": "\u041a\u043e\u043d\u0442\u0430\u043a\u0442\u044b \u0438 \u0441\u0441\u044b\u043b\u043a\u0438 \u0432 \u043e\u043f\u0438\u0441\u0430\u043d\u0438\u0438",
        "code_name": "links_in_description",
        "created_at": "2016-12-09T17:31:07.901Z",
        "category": 1,
        "order": 0,
        "status": 1
    }
},
{
    "model": "items.complainttype",
    "pk": 6,
    "fields": {
        "name": "\u041c\u043e\u0448\u0435\u043d\u043d\u0438\u0447\u0435\u0441\u0442\u0432\u043e \u0441 \u0434\u0435\u043d\u044c\u0433\u0430\u043c\u0438",
        "code_name": "fraud",
        "created_at": "2016-12-09T17:31:17.625Z",
        "category": 1,
        "order": 0,
        "status": 1
    }
},
{
    "model": "items.complainttype",
    "pk": 7,
    "fields": {
        "name": "\u0414\u0440\u0443\u0433\u0430\u044f \u043f\u0440\u0438\u0447\u0438\u043d\u0430",
        "code_name": "another_reason",
        "created_at": "2016-12-09T17:31:30.112Z",
        "category": 1,
        "order": 0,
        "status": 1
    }
},
{
    "model": "auth.permission",
    "fields": {
        "name": "Can add log entry",
        "content_type": [
            "admin",
            "logentry"
        ],
        "codename": "add_logentry"
    }
},
{
    "model": "auth.permission",
    "fields": {
        "name": "Can change log entry",
        "content_type": [
            "admin",
            "logentry"
        ],
        "codename": "change_logentry"
    }
},
{
    "model": "auth.permission",
    "fields": {
        "name": "Can delete log entry",
        "content_type": [
            "admin",
            "logentry"
        ],
        "codename": "delete_logentry"
    }
},
{
    "model": "auth.permission",
    "fields": {
        "name": "Can add group",
        "content_type": [
            "auth",
            "group"
        ],
        "codename": "add_group"
    }
},
{
    "model": "auth.permission",
    "fields": {
        "name": "Can change group",
        "content_type": [
            "auth",
            "group"
        ],
        "codename": "change_group"
    }
},
{
    "model": "auth.permission",
    "fields": {
        "name": "Can delete group",
        "content_type": [
            "auth",
            "group"
        ],
        "codename": "delete_group"
    }
},
{
    "model": "auth.permission",
    "fields": {
        "name": "Can add permission",
        "content_type": [
            "auth",
            "permission"
        ],
        "codename": "add_permission"
    }
},
{
    "model": "auth.permission",
    "fields": {
        "name": "Can change permission",
        "content_type": [
            "auth",
            "permission"
        ],
        "codename": "change_permission"
    }
},
{
    "model": "auth.permission",
    "fields": {
        "name": "Can delete permission",
        "content_type": [
            "auth",
            "permission"
        ],
        "codename": "delete_permission"
    }
},
{
    "model": "auth.permission",
    "fields": {
        "name": "Can add content type",
        "content_type": [
            "contenttypes",
            "contenttype"
        ],
        "codename": "add_contenttype"
    }
},
{
    "model": "auth.permission",
    "fields": {
        "name": "Can change content type",
        "content_type": [
            "contenttypes",
            "contenttype"
        ],
        "codename": "change_contenttype"
    }
},
{
    "model": "auth.permission",
    "fields": {
        "name": "Can delete content type",
        "content_type": [
            "contenttypes",
            "contenttype"
        ],
        "codename": "delete_contenttype"
    }
},
{
    "model": "auth.permission",
    "fields": {
        "name": "Can add session",
        "content_type": [
            "sessions",
            "session"
        ],
        "codename": "add_session"
    }
},
{
    "model": "auth.permission",
    "fields": {
        "name": "Can change session",
        "content_type": [
            "sessions",
            "session"
        ],
        "codename": "change_session"
    }
},
{
    "model": "auth.permission",
    "fields": {
        "name": "Can delete session",
        "content_type": [
            "sessions",
            "session"
        ],
        "codename": "delete_session"
    }
},
{
    "model": "auth.permission",
    "fields": {
        "name": "Can add site",
        "content_type": [
            "sites",
            "site"
        ],
        "codename": "add_site"
    }
},
{
    "model": "auth.permission",
    "fields": {
        "name": "Can change site",
        "content_type": [
            "sites",
            "site"
        ],
        "codename": "change_site"
    }
},
{
    "model": "auth.permission",
    "fields": {
        "name": "Can delete site",
        "content_type": [
            "sites",
            "site"
        ],
        "codename": "delete_site"
    }
},
{
    "model": "auth.permission",
    "fields": {
        "name": "Can add avatar",
        "content_type": [
            "extusers",
            "avatar"
        ],
        "codename": "add_avatar"
    }
},
{
    "model": "auth.permission",
    "fields": {
        "name": "Can change avatar",
        "content_type": [
            "extusers",
            "avatar"
        ],
        "codename": "change_avatar"
    }
},
{
    "model": "auth.permission",
    "fields": {
        "name": "Can delete avatar",
        "content_type": [
            "extusers",
            "avatar"
        ],
        "codename": "delete_avatar"
    }
},
{
    "model": "auth.permission",
    "fields": {
        "name": "Can add \u041f\u043e\u043b\u044c\u0437\u043e\u0432\u0430\u0442\u0435\u043b\u044c",
        "content_type": [
            "extusers",
            "extuser"
        ],
        "codename": "add_extuser"
    }
},
{
    "model": "auth.permission",
    "fields": {
        "name": "Can change \u041f\u043e\u043b\u044c\u0437\u043e\u0432\u0430\u0442\u0435\u043b\u044c",
        "content_type": [
            "extusers",
            "extuser"
        ],
        "codename": "change_extuser"
    }
},
{
    "model": "auth.permission",
    "fields": {
        "name": "Can delete \u041f\u043e\u043b\u044c\u0437\u043e\u0432\u0430\u0442\u0435\u043b\u044c",
        "content_type": [
            "extusers",
            "extuser"
        ],
        "codename": "delete_extuser"
    }
},
{
    "model": "auth.permission",
    "fields": {
        "name": "Can add confirmation",
        "content_type": [
            "extusers",
            "confirmation"
        ],
        "codename": "add_confirmation"
    }
},
{
    "model": "auth.permission",
    "fields": {
        "name": "Can change confirmation",
        "content_type": [
            "extusers",
            "confirmation"
        ],
        "codename": "change_confirmation"
    }
},
{
    "model": "auth.permission",
    "fields": {
        "name": "Can delete confirmation",
        "content_type": [
            "extusers",
            "confirmation"
        ],
        "codename": "delete_confirmation"
    }
},
{
    "model": "auth.permission",
    "fields": {
        "name": "Can add complaint",
        "content_type": [
            "items",
            "complaint"
        ],
        "codename": "add_complaint"
    }
},
{
    "model": "auth.permission",
    "fields": {
        "name": "Can change complaint",
        "content_type": [
            "items",
            "complaint"
        ],
        "codename": "change_complaint"
    }
},
{
    "model": "auth.permission",
    "fields": {
        "name": "Can delete complaint",
        "content_type": [
            "items",
            "complaint"
        ],
        "codename": "delete_complaint"
    }
},
{
    "model": "auth.permission",
    "fields": {
        "name": "Can add base",
        "content_type": [
            "items",
            "base"
        ],
        "codename": "add_base"
    }
},
{
    "model": "auth.permission",
    "fields": {
        "name": "Can change base",
        "content_type": [
            "items",
            "base"
        ],
        "codename": "change_base"
    }
},
{
    "model": "auth.permission",
    "fields": {
        "name": "Can delete base",
        "content_type": [
            "items",
            "base"
        ],
        "codename": "delete_base"
    }
},
{
    "model": "auth.permission",
    "fields": {
        "name": "Can add complaint type",
        "content_type": [
            "items",
            "complainttype"
        ],
        "codename": "add_complainttype"
    }
},
{
    "model": "auth.permission",
    "fields": {
        "name": "Can change complaint type",
        "content_type": [
            "items",
            "complainttype"
        ],
        "codename": "change_complainttype"
    }
},
{
    "model": "auth.permission",
    "fields": {
        "name": "Can delete complaint type",
        "content_type": [
            "items",
            "complainttype"
        ],
        "codename": "delete_complainttype"
    }
},
{
    "model": "auth.permission",
    "fields": {
        "name": "Can add status",
        "content_type": [
            "items",
            "status"
        ],
        "codename": "add_status"
    }
},
{
    "model": "auth.permission",
    "fields": {
        "name": "Can change status",
        "content_type": [
            "items",
            "status"
        ],
        "codename": "change_status"
    }
},
{
    "model": "auth.permission",
    "fields": {
        "name": "Can delete status",
        "content_type": [
            "items",
            "status"
        ],
        "codename": "delete_status"
    }
},
{
    "model": "auth.permission",
    "fields": {
        "name": "Can add pet",
        "content_type": [
            "items",
            "pet"
        ],
        "codename": "add_pet"
    }
},
{
    "model": "auth.permission",
    "fields": {
        "name": "Can change pet",
        "content_type": [
            "items",
            "pet"
        ],
        "codename": "change_pet"
    }
},
{
    "model": "auth.permission",
    "fields": {
        "name": "Can delete pet",
        "content_type": [
            "items",
            "pet"
        ],
        "codename": "delete_pet"
    }
},
{
    "model": "auth.permission",
    "fields": {
        "name": "Can add photo",
        "content_type": [
            "items",
            "photo"
        ],
        "codename": "add_photo"
    }
},
{
    "model": "auth.permission",
    "fields": {
        "name": "Can change photo",
        "content_type": [
            "items",
            "photo"
        ],
        "codename": "change_photo"
    }
},
{
    "model": "auth.permission",
    "fields": {
        "name": "Can delete photo",
        "content_type": [
            "items",
            "photo"
        ],
        "codename": "delete_photo"
    }
},
{
    "model": "auth.permission",
    "fields": {
        "name": "Can add region",
        "content_type": [
            "items",
            "region"
        ],
        "codename": "add_region"
    }
},
{
    "model": "auth.permission",
    "fields": {
        "name": "Can change region",
        "content_type": [
            "items",
            "region"
        ],
        "codename": "change_region"
    }
},
{
    "model": "auth.permission",
    "fields": {
        "name": "Can delete region",
        "content_type": [
            "items",
            "region"
        ],
        "codename": "delete_region"
    }
},
{
    "model": "auth.permission",
    "fields": {
        "name": "Can add category",
        "content_type": [
            "items",
            "category"
        ],
        "codename": "add_category"
    }
},
{
    "model": "auth.permission",
    "fields": {
        "name": "Can change category",
        "content_type": [
            "items",
            "category"
        ],
        "codename": "change_category"
    }
},
{
    "model": "auth.permission",
    "fields": {
        "name": "Can delete category",
        "content_type": [
            "items",
            "category"
        ],
        "codename": "delete_category"
    }
},
{
    "model": "auth.permission",
    "fields": {
        "name": "Can add type",
        "content_type": [
            "items",
            "type"
        ],
        "codename": "add_type"
    }
},
{
    "model": "auth.permission",
    "fields": {
        "name": "Can change type",
        "content_type": [
            "items",
            "type"
        ],
        "codename": "change_type"
    }
},
{
    "model": "auth.permission",
    "fields": {
        "name": "Can delete type",
        "content_type": [
            "items",
            "type"
        ],
        "codename": "delete_type"
    }
},
{
    "model": "auth.permission",
    "fields": {
        "name": "Can add kind",
        "content_type": [
            "animals",
            "kind"
        ],
        "codename": "add_kind"
    }
},
{
    "model": "auth.permission",
    "fields": {
        "name": "Can change kind",
        "content_type": [
            "animals",
            "kind"
        ],
        "codename": "change_kind"
    }
},
{
    "model": "auth.permission",
    "fields": {
        "name": "Can delete kind",
        "content_type": [
            "animals",
            "kind"
        ],
        "codename": "delete_kind"
    }
},
{
    "model": "auth.permission",
    "fields": {
        "name": "Can add breed",
        "content_type": [
            "animals",
            "breed"
        ],
        "codename": "add_breed"
    }
},
{
    "model": "auth.permission",
    "fields": {
        "name": "Can change breed",
        "content_type": [
            "animals",
            "breed"
        ],
        "codename": "change_breed"
    }
},
{
    "model": "auth.permission",
    "fields": {
        "name": "Can delete breed",
        "content_type": [
            "animals",
            "breed"
        ],
        "codename": "delete_breed"
    }
},
{
    "model": "auth.permission",
    "fields": {
        "name": "Can add logo",
        "content_type": [
            "items",
            "logo"
        ],
        "codename": "add_logo"
    }
},
{
    "model": "auth.permission",
    "fields": {
        "name": "Can change logo",
        "content_type": [
            "items",
            "logo"
        ],
        "codename": "change_logo"
    }
},
{
    "model": "auth.permission",
    "fields": {
        "name": "Can delete logo",
        "content_type": [
            "items",
            "logo"
        ],
        "codename": "delete_logo"
    }
},
{
    "model": "auth.permission",
    "fields": {
        "name": "Can add photo",
        "content_type": [
            "articles",
            "photo"
        ],
        "codename": "add_photo"
    }
},
{
    "model": "auth.permission",
    "fields": {
        "name": "Can change photo",
        "content_type": [
            "articles",
            "photo"
        ],
        "codename": "change_photo"
    }
},
{
    "model": "auth.permission",
    "fields": {
        "name": "Can delete photo",
        "content_type": [
            "articles",
            "photo"
        ],
        "codename": "delete_photo"
    }
},
{
    "model": "auth.permission",
    "fields": {
        "name": "Can add article",
        "content_type": [
            "articles",
            "article"
        ],
        "codename": "add_article"
    }
},
{
    "model": "auth.permission",
    "fields": {
        "name": "Can change article",
        "content_type": [
            "articles",
            "article"
        ],
        "codename": "change_article"
    }
},
{
    "model": "auth.permission",
    "fields": {
        "name": "Can delete article",
        "content_type": [
            "articles",
            "article"
        ],
        "codename": "delete_article"
    }
},
{
    "model": "auth.permission",
    "fields": {
        "name": "Can add BBCode tag",
        "content_type": [
            "precise_bbcode",
            "bbcodetag"
        ],
        "codename": "add_bbcodetag"
    }
},
{
    "model": "auth.permission",
    "fields": {
        "name": "Can change BBCode tag",
        "content_type": [
            "precise_bbcode",
            "bbcodetag"
        ],
        "codename": "change_bbcodetag"
    }
},
{
    "model": "auth.permission",
    "fields": {
        "name": "Can delete BBCode tag",
        "content_type": [
            "precise_bbcode",
            "bbcodetag"
        ],
        "codename": "delete_bbcodetag"
    }
},
{
    "model": "auth.permission",
    "fields": {
        "name": "Can add Smiley",
        "content_type": [
            "precise_bbcode",
            "smileytag"
        ],
        "codename": "add_smileytag"
    }
},
{
    "model": "auth.permission",
    "fields": {
        "name": "Can change Smiley",
        "content_type": [
            "precise_bbcode",
            "smileytag"
        ],
        "codename": "change_smileytag"
    }
},
{
    "model": "auth.permission",
    "fields": {
        "name": "Can delete Smiley",
        "content_type": [
            "precise_bbcode",
            "smileytag"
        ],
        "codename": "delete_smileytag"
    }
},
{
    "model": "auth.permission",
    "fields": {
        "name": "Can add nonce",
        "content_type": [
            "social_auth",
            "nonce"
        ],
        "codename": "add_nonce"
    }
},
{
    "model": "auth.permission",
    "fields": {
        "name": "Can change nonce",
        "content_type": [
            "social_auth",
            "nonce"
        ],
        "codename": "change_nonce"
    }
},
{
    "model": "auth.permission",
    "fields": {
        "name": "Can delete nonce",
        "content_type": [
            "social_auth",
            "nonce"
        ],
        "codename": "delete_nonce"
    }
},
{
    "model": "auth.permission",
    "fields": {
        "name": "Can add code",
        "content_type": [
            "social_auth",
            "code"
        ],
        "codename": "add_code"
    }
},
{
    "model": "auth.permission",
    "fields": {
        "name": "Can change code",
        "content_type": [
            "social_auth",
            "code"
        ],
        "codename": "change_code"
    }
},
{
    "model": "auth.permission",
    "fields": {
        "name": "Can delete code",
        "content_type": [
            "social_auth",
            "code"
        ],
        "codename": "delete_code"
    }
},
{
    "model": "auth.permission",
    "fields": {
        "name": "Can add user social auth",
        "content_type": [
            "social_auth",
            "usersocialauth"
        ],
        "codename": "add_usersocialauth"
    }
},
{
    "model": "auth.permission",
    "fields": {
        "name": "Can change user social auth",
        "content_type": [
            "social_auth",
            "usersocialauth"
        ],
        "codename": "change_usersocialauth"
    }
},
{
    "model": "auth.permission",
    "fields": {
        "name": "Can delete user social auth",
        "content_type": [
            "social_auth",
            "usersocialauth"
        ],
        "codename": "delete_usersocialauth"
    }
},
{
    "model": "auth.permission",
    "fields": {
        "name": "Can add association",
        "content_type": [
            "social_auth",
            "association"
        ],
        "codename": "add_association"
    }
},
{
    "model": "auth.permission",
    "fields": {
        "name": "Can change association",
        "content_type": [
            "social_auth",
            "association"
        ],
        "codename": "change_association"
    }
},
{
    "model": "auth.permission",
    "fields": {
        "name": "Can delete association",
        "content_type": [
            "social_auth",
            "association"
        ],
        "codename": "delete_association"
    }
},
{
    "model": "auth.permission",
    "fields": {
        "name": "Can add periodic task",
        "content_type": [
            "djcelery",
            "periodictask"
        ],
        "codename": "add_periodictask"
    }
},
{
    "model": "auth.permission",
    "fields": {
        "name": "Can change periodic task",
        "content_type": [
            "djcelery",
            "periodictask"
        ],
        "codename": "change_periodictask"
    }
},
{
    "model": "auth.permission",
    "fields": {
        "name": "Can delete periodic task",
        "content_type": [
            "djcelery",
            "periodictask"
        ],
        "codename": "delete_periodictask"
    }
},
{
    "model": "auth.permission",
    "fields": {
        "name": "Can add crontab",
        "content_type": [
            "djcelery",
            "crontabschedule"
        ],
        "codename": "add_crontabschedule"
    }
},
{
    "model": "auth.permission",
    "fields": {
        "name": "Can change crontab",
        "content_type": [
            "djcelery",
            "crontabschedule"
        ],
        "codename": "change_crontabschedule"
    }
},
{
    "model": "auth.permission",
    "fields": {
        "name": "Can delete crontab",
        "content_type": [
            "djcelery",
            "crontabschedule"
        ],
        "codename": "delete_crontabschedule"
    }
},
{
    "model": "auth.permission",
    "fields": {
        "name": "Can add interval",
        "content_type": [
            "djcelery",
            "intervalschedule"
        ],
        "codename": "add_intervalschedule"
    }
},
{
    "model": "auth.permission",
    "fields": {
        "name": "Can change interval",
        "content_type": [
            "djcelery",
            "intervalschedule"
        ],
        "codename": "change_intervalschedule"
    }
},
{
    "model": "auth.permission",
    "fields": {
        "name": "Can delete interval",
        "content_type": [
            "djcelery",
            "intervalschedule"
        ],
        "codename": "delete_intervalschedule"
    }
},
{
    "model": "auth.permission",
    "fields": {
        "name": "Can add periodic tasks",
        "content_type": [
            "djcelery",
            "periodictasks"
        ],
        "codename": "add_periodictasks"
    }
},
{
    "model": "auth.permission",
    "fields": {
        "name": "Can change periodic tasks",
        "content_type": [
            "djcelery",
            "periodictasks"
        ],
        "codename": "change_periodictasks"
    }
},
{
    "model": "auth.permission",
    "fields": {
        "name": "Can delete periodic tasks",
        "content_type": [
            "djcelery",
            "periodictasks"
        ],
        "codename": "delete_periodictasks"
    }
},
{
    "model": "auth.permission",
    "fields": {
        "name": "Can add task state",
        "content_type": [
            "djcelery",
            "taskmeta"
        ],
        "codename": "add_taskmeta"
    }
},
{
    "model": "auth.permission",
    "fields": {
        "name": "Can change task state",
        "content_type": [
            "djcelery",
            "taskmeta"
        ],
        "codename": "change_taskmeta"
    }
},
{
    "model": "auth.permission",
    "fields": {
        "name": "Can delete task state",
        "content_type": [
            "djcelery",
            "taskmeta"
        ],
        "codename": "delete_taskmeta"
    }
},
{
    "model": "auth.permission",
    "fields": {
        "name": "Can add saved group result",
        "content_type": [
            "djcelery",
            "tasksetmeta"
        ],
        "codename": "add_tasksetmeta"
    }
},
{
    "model": "auth.permission",
    "fields": {
        "name": "Can change saved group result",
        "content_type": [
            "djcelery",
            "tasksetmeta"
        ],
        "codename": "change_tasksetmeta"
    }
},
{
    "model": "auth.permission",
    "fields": {
        "name": "Can delete saved group result",
        "content_type": [
            "djcelery",
            "tasksetmeta"
        ],
        "codename": "delete_tasksetmeta"
    }
},
{
    "model": "auth.permission",
    "fields": {
        "name": "Can add worker",
        "content_type": [
            "djcelery",
            "workerstate"
        ],
        "codename": "add_workerstate"
    }
},
{
    "model": "auth.permission",
    "fields": {
        "name": "Can change worker",
        "content_type": [
            "djcelery",
            "workerstate"
        ],
        "codename": "change_workerstate"
    }
},
{
    "model": "auth.permission",
    "fields": {
        "name": "Can delete worker",
        "content_type": [
            "djcelery",
            "workerstate"
        ],
        "codename": "delete_workerstate"
    }
},
{
    "model": "auth.permission",
    "fields": {
        "name": "Can add task",
        "content_type": [
            "djcelery",
            "taskstate"
        ],
        "codename": "add_taskstate"
    }
},
{
    "model": "auth.permission",
    "fields": {
        "name": "Can change task",
        "content_type": [
            "djcelery",
            "taskstate"
        ],
        "codename": "change_taskstate"
    }
},
{
    "model": "auth.permission",
    "fields": {
        "name": "Can delete task",
        "content_type": [
            "djcelery",
            "taskstate"
        ],
        "codename": "delete_taskstate"
    }
},
{
    "model": "auth.permission",
    "fields": {
        "name": "Can add Tagged Item",
        "content_type": [
            "taggit",
            "taggeditem"
        ],
        "codename": "add_taggeditem"
    }
},
{
    "model": "auth.permission",
    "fields": {
        "name": "Can change Tagged Item",
        "content_type": [
            "taggit",
            "taggeditem"
        ],
        "codename": "change_taggeditem"
    }
},
{
    "model": "auth.permission",
    "fields": {
        "name": "Can delete Tagged Item",
        "content_type": [
            "taggit",
            "taggeditem"
        ],
        "codename": "delete_taggeditem"
    }
},
{
    "model": "auth.permission",
    "fields": {
        "name": "Can add Tag",
        "content_type": [
            "taggit",
            "tag"
        ],
        "codename": "add_tag"
    }
},
{
    "model": "auth.permission",
    "fields": {
        "name": "Can change Tag",
        "content_type": [
            "taggit",
            "tag"
        ],
        "codename": "change_tag"
    }
},
{
    "model": "auth.permission",
    "fields": {
        "name": "Can delete Tag",
        "content_type": [
            "taggit",
            "tag"
        ],
        "codename": "delete_tag"
    }
},
{
    "model": "auth.permission",
    "fields": {
        "name": "Can add revision",
        "content_type": [
            "reversion",
            "revision"
        ],
        "codename": "add_revision"
    }
},
{
    "model": "auth.permission",
    "fields": {
        "name": "Can change revision",
        "content_type": [
            "reversion",
            "revision"
        ],
        "codename": "change_revision"
    }
},
{
    "model": "auth.permission",
    "fields": {
        "name": "Can delete revision",
        "content_type": [
            "reversion",
            "revision"
        ],
        "codename": "delete_revision"
    }
},
{
    "model": "auth.permission",
    "fields": {
        "name": "Can add version",
        "content_type": [
            "reversion",
            "version"
        ],
        "codename": "add_version"
    }
},
{
    "model": "auth.permission",
    "fields": {
        "name": "Can change version",
        "content_type": [
            "reversion",
            "version"
        ],
        "codename": "change_version"
    }
},
{
    "model": "auth.permission",
    "fields": {
        "name": "Can delete version",
        "content_type": [
            "reversion",
            "version"
        ],
        "codename": "delete_version"
    }
},
{
    "model": "auth.permission",
    "fields": {
        "name": "Can add feedback",
        "content_type": [
            "feedback",
            "feedback"
        ],
        "codename": "add_feedback"
    }
},
{
    "model": "auth.permission",
    "fields": {
        "name": "Can change feedback",
        "content_type": [
            "feedback",
            "feedback"
        ],
        "codename": "change_feedback"
    }
},
{
    "model": "auth.permission",
    "fields": {
        "name": "Can delete feedback",
        "content_type": [
            "feedback",
            "feedback"
        ],
        "codename": "delete_feedback"
    }
},
{
    "model": "auth.permission",
    "fields": {
        "name": "Can add image",
        "content_type": [
            "feedback",
            "image"
        ],
        "codename": "add_image"
    }
},
{
    "model": "auth.permission",
    "fields": {
        "name": "Can change image",
        "content_type": [
            "feedback",
            "image"
        ],
        "codename": "change_image"
    }
},
{
    "model": "auth.permission",
    "fields": {
        "name": "Can delete image",
        "content_type": [
            "feedback",
            "image"
        ],
        "codename": "delete_image"
    }
},
{
    "model": "auth.permission",
    "fields": {
        "name": "Can add rule",
        "content_type": [
            "robots",
            "rule"
        ],
        "codename": "add_rule"
    }
},
{
    "model": "auth.permission",
    "fields": {
        "name": "Can change rule",
        "content_type": [
            "robots",
            "rule"
        ],
        "codename": "change_rule"
    }
},
{
    "model": "auth.permission",
    "fields": {
        "name": "Can delete rule",
        "content_type": [
            "robots",
            "rule"
        ],
        "codename": "delete_rule"
    }
},
{
    "model": "auth.permission",
    "fields": {
        "name": "Can add url",
        "content_type": [
            "robots",
            "url"
        ],
        "codename": "add_url"
    }
},
{
    "model": "auth.permission",
    "fields": {
        "name": "Can change url",
        "content_type": [
            "robots",
            "url"
        ],
        "codename": "change_url"
    }
},
{
    "model": "auth.permission",
    "fields": {
        "name": "Can delete url",
        "content_type": [
            "robots",
            "url"
        ],
        "codename": "delete_url"
    }
},
{
    "model": "auth.group",
    "fields": {
        "name": "users",
        "permissions": [
            [
                "change_extuser",
                "extusers",
                "extuser"
            ],
            [
                "add_base",
                "items",
                "base"
            ],
            [
                "change_base",
                "items",
                "base"
            ],
            [
                "add_pet",
                "items",
                "pet"
            ],
            [
                "change_pet",
                "items",
                "pet"
            ],
            [
                "add_photo",
                "items",
                "photo"
            ]
        ]
    }
},
{
    "model": "extusers.extuser",
    "fields": {
        "password": "pbkdf2_sha256$30000$Wq0AkobWJYXW$3dOWjFDZDQ9lrSUhqybumIWoSHkC7tjqsED62lZpQws=",
        "last_login": "2017-01-31T18:30:56.931Z",
        "is_superuser": true,
        "email": "dimuska139@mail.ru",
        "username": "\u0414\u043c\u0438\u0442\u0440\u0438\u0439 \u0410\u043b\u0435\u043a\u0441\u0435\u0435\u0432\u0438\u0447",
        "name": "\u0421\u0432\u0438\u0440\u0438\u0434\u043e\u0432 \u0414\u043c\u0438\u0442\u0440\u0438\u0439 \u0410\u043b\u0435\u043a\u0441\u0435\u0435\u0432\u0438\u0447",
        "description": "\u0422\u0435\u0441\u0442\u043e\u0432\u0430\u044f \u0443\u0447\u0451\u0442\u043d\u0430\u044f \u0437\u0430\u043f\u0438\u0441\u044c",
        "created_at": "2016-12-01",
        "is_confirmed": true,
        "is_activated": false,
        "avatar": null,
        "phone": "+7 (921) 785-8420",
        "status": 1,
        "groups": [],
        "user_permissions": []
    }
},
{
    "model": "animals.characteristic",
    "pk": 1,
    "fields": {
        "name": "\u0421\u043f\u043e\u0441\u043e\u0431\u043d\u043e\u0441\u0442\u044c \u043a \u0434\u0440\u0435\u0441\u0441\u0438\u0440\u043e\u0432\u043a\u0435",
        "description": "\u0421\u043e\u043e\u0431\u0449\u0430\u0435\u0442 \u0412\u0430\u043c \u043d\u0430\u0441\u043a\u043e\u043b\u044c\u043a\u043e \u043b\u0435\u0433\u043a\u043e \u0438\u043b\u0438 \u0442\u0440\u0443\u0434\u043d\u043e \u043f\u043e\u0440\u043e\u0434\u0443 \u0434\u0440\u0435\u0441\u0441\u0438\u0440\u043e\u0432\u0430\u0442\u044c. \u0411\u043e\u043b\u0435\u0435 \u0432\u044b\u0441\u043e\u043a\u0438\u0439 \u0440\u0435\u0439\u0442\u0438\u043d\u0433 \u043e\u0437\u043d\u0430\u0447\u0430\u0435\u0442, \u0447\u0442\u043e \u0441\u043e\u0431\u0430\u043a\u0430 \u043b\u0435\u0433\u0447\u0435 \u043f\u043e\u0434\u0434\u0430\u0435\u0442\u0441\u044f \u0434\u0440\u0435\u0441\u0441\u0438\u0440\u043e\u0432\u043a\u0435. \u041f\u043e\u0440\u043e\u0434\u0430, \u043a\u043e\u0442\u043e\u0440\u0430\u044f \u043b\u0435\u0433\u0447\u0435 \u043f\u043e\u0434\u0434\u0430\u0435\u0442\u0441\u044f \u0434\u0440\u0435\u0441\u0441\u0438\u0440\u043e\u0432\u043a\u0435 \u0442\u0440\u0435\u0431\u0443\u0435\u0442 \u043c\u0435\u043d\u044c\u0448\u0435 \u0432\u0440\u0435\u043c\u0435\u043d\u0438 \u0438 \u0442\u0435\u0440\u043f\u0435\u043d\u0438\u044f, \u0447\u0442\u043e\u0431\u044b \u0438\u0437\u0443\u0447\u0438\u0442\u044c \u043d\u043e\u0432\u044b\u0435 \u043a\u043e\u043c\u0430\u043d\u0434\u044b.",
        "created_at": "2017-04-18T08:49:11.812Z",
        "status": 1
    }
},
{
    "model": "animals.characteristic",
    "pk": 2,
    "fields": {
        "name": "\u0421\u043e\u043e\u0431\u0440\u0430\u0437\u0438\u0442\u0435\u043b\u044c\u043d\u043e\u0441\u0442\u044c",
        "description": "\u0421\u043e\u043e\u0431\u0449\u0430\u0435\u0442 \u0412\u0430\u043c \u043d\u0430\u0441\u043a\u043e\u043b\u044c\u043a\u043e \u0441\u043e\u043e\u0431\u0440\u0430\u0437\u0438\u0442\u0435\u043b\u044c\u043d\u0430\u044f \u043f\u043e\u0440\u043e\u0434\u0430 \u0432 \u0442\u043e\u043c, \u043a\u0430\u043a \u0431\u044b\u0441\u0442\u0440\u043e \u043c\u043e\u0436\u0435\u0442 \u043d\u0430\u0443\u0447\u0438\u0442\u044c\u0441\u044f \u0432\u044b\u043f\u043e\u043b\u043d\u044f\u0442\u044c \u043a\u043e\u043c\u0430\u043d\u0434\u044b \u043b\u044e\u0434\u0435\u0439. \u0411\u043e\u043b\u0435\u0435 \u0432\u044b\u0441\u043e\u043a\u0438\u0439 \u0440\u0435\u0439\u0442\u0438\u043d\u0433 \u043e\u0437\u043d\u0430\u0447\u0430\u0435\u0442, \u0447\u0442\u043e \u043f\u043e\u0440\u043e\u0434\u0430 \u0431\u0443\u0434\u0435\u0442 \u0443\u0447\u0438\u0442\u044c \u0412\u0430\u0448\u0438 \u043a\u043e\u043c\u0430\u043d\u0434\u044b \u0431\u044b\u0441\u0442\u0440\u0435\u0435 (\u0438, \u0441\u043b\u0435\u0434\u043e\u0432\u0430\u0442\u0435\u043b\u044c\u043d\u043e, \u043a\u0430\u043a \u043f\u0440\u0430\u0432\u0438\u043b\u043e, \u0441\u0447\u0438\u0442\u0430\u0435\u0442\u0441\u044f \u0431\u043e\u043b\u0435\u0435 \u0441\u043e\u043e\u0431\u0440\u0430\u0437\u0438\u0442\u0435\u043b\u044c\u043d\u043e\u0439), \u0432 \u0442\u043e \u0432\u0440\u0435\u043c\u044f \u043a\u0430\u043a \u0431\u043e\u043b\u0435\u0435 \u043d\u0438\u0437\u043a\u0438\u0439 \u0440\u0435\u0439\u0442\u0438\u043d\u0433 \u043e\u0437\u043d\u0430\u0447\u0430\u0435\u0442, \u0447\u0442\u043e \u043f\u043e\u0440\u043e\u0434\u0430 \u0431\u0443\u0434\u0435\u0442 \u0443\u0447\u0438\u0442\u044c \u0412\u0430\u0448\u0438 \u043a\u043e\u043c\u0430\u043d\u0434\u044b \u0431\u043e\u043b\u0435\u0435 \u043c\u0435\u0434\u043b\u0435\u043d\u043d\u043e (\u0438, \u0441\u043b\u0435\u0434\u043e\u0432\u0430\u0442\u0435\u043b\u044c\u043d\u043e, \u043a\u0430\u043a \u043f\u0440\u0430\u0432\u0438\u043b\u043e, \u0441\u0447\u0438\u0442\u0430\u0435\u0442\u0441\u044f \u043c\u0435\u043d\u0435\u0435 \u0441\u043e\u043e\u0431\u0440\u0430\u0437\u0438\u0442\u0435\u043b\u044c\u043d\u043e\u0439). \u0418\u043c\u0435\u0439\u0442\u0435 \u0432 \u0432\u0438\u0434\u0443, \u0447\u0442\u043e \u044d\u0442\u043e \u043b\u0438\u0448\u044c \u043e\u0434\u0438\u043d \u0438\u0437 \u0441\u043f\u043e\u0441\u043e\u0431\u043e\u0432 \u0438\u0437\u043c\u0435\u0440\u0435\u043d\u0438\u044f \u0438\u043d\u0442\u0435\u043b\u043b\u0435\u043a\u0442\u0430 \u0441\u043e\u0431\u0430\u043a\u0438 \u0438 \u043d\u0438\u0437\u043a\u0438\u0439 \u0440\u0435\u0439\u0442\u0438\u043d\u0433 \u043c\u043e\u0436\u0435\u0442 \u0432\u0441\u0435 \u0435\u0449\u0435 \u043e\u0437\u043d\u0430\u0447\u0430\u0442\u044c, \u0447\u0442\u043e \u043f\u043e\u0440\u043e\u0434\u0430 \u043e\u0447\u0435\u043d\u044c \u0443\u043c\u043d\u0430 \u0432 \u0434\u0440\u0443\u0433\u0438\u0445 \u043f\u0440\u043e\u044f\u0432\u043b\u0435\u043d\u0438\u044f\u0445.",
        "created_at": "2017-04-18T08:49:38.780Z",
        "status": 1
    }
},
{
    "model": "animals.characteristic",
    "pk": 3,
    "fields": {
        "name": "\u0412\u044b\u043f\u0430\u0434\u0435\u043d\u0438\u0435 \u0448\u0435\u0440\u0441\u0442\u0438",
        "description": "\u0421\u043e\u043e\u0431\u0449\u0430\u0435\u0442 \u0412\u0430\u043c \u0441\u043a\u043e\u043b\u044c\u043a\u043e \u0448\u0435\u0440\u0441\u0442\u0438 \u043f\u043e\u0440\u043e\u0434\u0430 \u043e\u0441\u0442\u0430\u0432\u043b\u044f\u0435\u0442. \u0427\u0435\u043c \u0432\u044b\u0448\u0435 \u0440\u0435\u0439\u0442\u0438\u043d\u0433, \u0442\u0435\u043c \u0441\u0438\u043b\u044c\u043d\u0435\u0435 \u043f\u043e\u0440\u043e\u0434\u0430 \u043b\u0438\u043d\u044f\u0435\u0442.",
        "created_at": "2017-04-18T08:49:57.951Z",
        "status": 1
    }
},
{
    "model": "animals.characteristic",
    "pk": 4,
    "fields": {
        "name": "\u041b\u0430\u0439",
        "description": "\u0421\u043e\u043e\u0431\u0449\u0430\u0435\u0442 \u0412\u0430\u043c \u043d\u0430\u0441\u043a\u043e\u043b\u044c\u043a\u043e \u0445\u043e\u0440\u043e\u0448\u0430 \u043f\u043e\u0440\u043e\u0434\u0430 \u043a\u0430\u043a \u0441\u0442\u043e\u0440\u043e\u0436\u0435\u0432\u0430\u044f \u0441\u043e\u0431\u0430\u043a\u0430 \u0438 \u043a\u0430\u043a \u043f\u043e\u0434\u043d\u0438\u043c\u0430\u0435\u0442 \u0442\u0440\u0435\u0432\u043e\u0433\u0443, \u043a\u043e\u0433\u0434\u0430 \u043f\u043e\u044f\u0432\u043b\u044f\u0435\u0442\u0441\u044f \u043d\u0435\u0437\u043d\u0430\u043a\u043e\u043c\u0435\u0446. \u0411\u043e\u043b\u0435\u0435 \u0432\u044b\u0441\u043e\u043a\u0438\u0439 \u0440\u0435\u0439\u0442\u0438\u043d\u0433 \u043e\u0437\u043d\u0430\u0447\u0430\u0435\u0442, \u0447\u0442\u043e \u043f\u043e\u0440\u043e\u0434\u0430 \u0431\u0443\u0434\u0435\u0442 \u043b\u0430\u044f\u0442\u044c \u044d\u043d\u0435\u0440\u0433\u0438\u0447\u043d\u043e, \u0447\u0442\u043e\u0431\u044b \u043f\u0440\u0435\u0434\u0443\u043f\u0440\u0435\u0434\u0438\u0442\u044c \u0412\u0430\u0441 \u043e \u043f\u0440\u0438\u0441\u0443\u0442\u0441\u0442\u0432\u0438\u0438 \u043d\u043e\u0432\u043e\u0433\u043e \u0447\u0435\u043b\u043e\u0432\u0435\u043a\u0430 \u043d\u0430 \u0412\u0430\u0448\u0435\u0439 \u0441\u043e\u0431\u0441\u0442\u0432\u0435\u043d\u043d\u043e\u0441\u0442\u0438. \u041d\u0438\u0437\u043a\u0438\u0439 \u0440\u0435\u0439\u0442\u0438\u043d\u0433 \u043e\u0437\u043d\u0430\u0447\u0430\u0435\u0442, \u0447\u0442\u043e \u043f\u043e\u0440\u043e\u0434\u0430, \u0432\u0435\u0440\u043e\u044f\u0442\u043d\u043e, \u043d\u0435 \u0431\u0443\u0434\u0435\u0442 \u043b\u0430\u044f\u0442\u044c \u043c\u043d\u043e\u0433\u043e, \u0435\u0441\u043b\u0438 \u043d\u0435\u0437\u043d\u0430\u043a\u043e\u043c\u0435\u0446 \u0432\u0445\u043e\u0434\u0438\u0442 \u043d\u0430 \u0412\u0430\u0448\u0443 \u0442\u0435\u0440\u0440\u0438\u0442\u043e\u0440\u0438\u044e.",
        "created_at": "2017-04-18T08:50:31.341Z",
        "status": 1
    }
},
{
    "model": "animals.characteristic",
    "pk": 5,
    "fields": {
        "name": "\u0410\u0433\u0440\u0435\u0441\u0441\u0438\u0432\u043d\u043e\u0441\u0442\u044c",
        "description": "\u0421\u043e\u043e\u0431\u0449\u0430\u0435\u0442 \u0412\u0430\u043c \u043d\u0430\u0441\u043a\u043e\u043b\u044c\u043a\u043e \u0445\u043e\u0440\u043e\u0448\u043e \u043f\u043e\u0440\u043e\u0434\u0430 \u0441\u043f\u0440\u0430\u0432\u043b\u044f\u0435\u0442\u0441\u044f \u0441\u043e \u0441\u0442\u043e\u0440\u043e\u0436\u0435\u0432\u044b\u043c\u0438 \u043e\u0431\u044f\u0437\u0430\u043d\u043d\u043e\u0441\u0442\u044f\u043c\u0438 \u0431\u043b\u0430\u0433\u043e\u0434\u0430\u0440\u044f \u0441\u0432\u043e\u0435\u043c\u0443 \u0432\u043d\u0435\u0448\u043d\u0435\u043c\u0443 \u0432\u0438\u0434\u0443, \u0440\u0430\u0437\u043c\u0435\u0440\u0443 \u0438 \u043c\u043e\u0449\u044c\u044e \u043f\u043e\u0440\u043e\u0434\u044b. \u041f\u043e\u0440\u043e\u0434\u0430 \u0441 \u0432\u044b\u0441\u043e\u043a\u0438\u043c \u0440\u0435\u0439\u0442\u0438\u043d\u0433\u043e\u043c \u0437\u0430\u0441\u0442\u0430\u0432\u0438\u0442 \u043f\u043e\u0434\u0443\u043c\u0430\u0442\u044c \u0437\u043b\u043e\u0443\u043c\u044b\u0448\u043b\u0435\u043d\u043d\u0438\u043a\u0430 \u0434\u0432\u0430\u0436\u0434\u044b, \u043f\u0440\u0435\u0436\u0434\u0435 \u0447\u0435\u043c \u0441\u0442\u0430\u0432\u0438\u0442\u044c \u043d\u043e\u0433\u0443 \u043d\u0430 \u0412\u0430\u0448\u0443 \u0441\u043e\u0431\u0441\u0442\u0432\u0435\u043d\u043d\u043e\u0441\u0442\u044c.",
        "created_at": "2017-04-18T08:50:49.972Z",
        "status": 1
    }
},
{
    "model": "animals.characteristic",
    "pk": 6,
    "fields": {
        "name": "\u041f\u043e\u043f\u0443\u043b\u044f\u0440\u043d\u043e\u0441\u0442\u044c",
        "description": "\u0421\u043e\u043e\u0431\u0449\u0430\u0435\u0442 \u0412\u0430\u043c \u043d\u0430\u0441\u043a\u043e\u043b\u044c\u043a\u043e \u043f\u043e\u043f\u0443\u043b\u044f\u0440\u043d\u0430 \u043f\u043e\u0440\u043e\u0434\u0430 \u0432 \u043f\u043b\u0430\u043d\u0435 \u0432\u043b\u0430\u0434\u0435\u043d\u0438\u044f. \u0411\u043e\u043b\u0435\u0435 \u0432\u044b\u0441\u043e\u043a\u0438\u0439 \u0440\u0435\u0439\u0442\u0438\u043d\u0433 \u043e\u0437\u043d\u0430\u0447\u0430\u0435\u0442, \u0447\u0442\u043e \u0443 \u0431\u043e\u043b\u044c\u0448\u043e\u0433\u043e \u043a\u043e\u043b\u0438\u0447\u0435\u0441\u0442\u0432\u0430 \u043b\u044e\u0434\u0435\u0439 \u0435\u0441\u0442\u044c \u044d\u0442\u0430 \u043f\u043e\u0440\u043e\u0434\u0430. \u0411\u043e\u043b\u0435\u0435 \u043f\u043e\u043f\u0443\u043b\u044f\u0440\u043d\u0443\u044e \u043f\u043e\u0440\u043e\u0434\u0443 \u043b\u0435\u0433\u0447\u0435 \u043d\u0430\u0439\u0442\u0438 \u0438 \u043a\u0443\u043f\u0438\u0442\u044c, \u043f\u043e\u0442\u043e\u043c\u0443 \u0447\u0442\u043e \u0431\u043e\u043b\u044c\u0448\u0435 \u0440\u0430\u0437\u0432\u043e\u0434\u0447\u0438\u043a\u043e\u0432 \u0441\u043e\u0431\u0430\u043a \u0432\u044b\u0440\u0430\u0449\u0438\u0432\u0430\u044e\u0442 \u0438\u0445.",
        "created_at": "2017-04-18T08:51:06.779Z",
        "status": 1
    }
},
{
    "model": "animals.characteristic",
    "pk": 7,
    "fields": {
        "name": "\u0420\u0430\u0437\u043c\u0435\u0440",
        "description": "\u0421\u043e\u043e\u0431\u0449\u0430\u0435\u0442 \u0412\u0430\u043c \u043d\u0430\u0441\u043a\u043e\u043b\u044c\u043a\u043e \u043f\u043e\u0440\u043e\u0434\u0430 \u043c\u0430\u043b\u0435\u043d\u044c\u043a\u0430\u044f \u0438\u043b\u0438 \u0431\u043e\u043b\u044c\u0448\u0430\u044f. \u041d\u0438\u0437\u043a\u0438\u0439 \u0440\u0435\u0439\u0442\u0438\u043d\u0433 \u043e\u0437\u043d\u0430\u0447\u0430\u0435\u0442, \u0447\u0442\u043e \u043f\u043e\u0440\u043e\u0434\u0430 \u043c\u0435\u043d\u044c\u0448\u0435 \u0438 \u0431\u043e\u043b\u0435\u0435 \u0432\u044b\u0441\u043e\u043a\u0438\u0439 \u0440\u0435\u0439\u0442\u0438\u043d\u0433 \u043e\u0437\u043d\u0430\u0447\u0430\u0435\u0442, \u0447\u0442\u043e \u043f\u043e\u0440\u043e\u0434\u0430 \u0431\u043e\u043b\u044c\u0448\u0435. \u042d\u0442\u043e \u0434\u0430\u0435\u0442 \u0432\u0430\u043c \u043f\u0440\u0435\u0434\u0441\u0442\u0430\u0432\u043b\u0435\u043d\u0438\u0435 \u043e \u0442\u043e\u043c, \u043d\u0430\u0441\u043a\u043e\u043b\u044c\u043a\u043e \u0444\u0438\u0437\u0438\u0447\u0435\u0441\u043a\u0438 \u043c\u0430\u043b\u0435\u043d\u044c\u043a\u0430\u044f \u0438\u043b\u0438 \u0431\u043e\u043b\u044c\u0448\u0430\u044f \u043f\u043e\u0440\u043e\u0434\u0430 \u043f\u043e \u0441\u0440\u0430\u0432\u043d\u0435\u043d\u0438\u044e \u0441\u043e \u0432\u0441\u0435\u043c\u0438 \u0434\u0440\u0443\u0433\u0438\u043c\u0438 \u043f\u043e\u0440\u043e\u0434\u0430\u043c\u0438.",
        "created_at": "2017-04-18T08:51:20.845Z",
        "status": 1
    }
},
{
    "model": "animals.characteristic",
    "pk": 8,
    "fields": {
        "name": "\u0410\u043a\u0442\u0438\u0432\u043d\u043e\u0441\u0442\u044c",
        "description": "\u0421\u043e\u043e\u0431\u0449\u0430\u0435\u0442 \u0412\u0430\u043c \u043d\u0430\u0441\u043a\u043e\u043b\u044c\u043a\u043e \u043f\u043e\u0440\u043e\u0434\u0430 \u043f\u043e\u0434\u0432\u0438\u0436\u043d\u0430. \u0411\u043e\u043b\u0435\u0435 \u0432\u044b\u0441\u043e\u043a\u0438\u0439 \u0440\u0435\u0439\u0442\u0438\u043d\u0433 \u043e\u0437\u043d\u0430\u0447\u0430\u0435\u0442, \u0447\u0442\u043e \u043f\u043e\u0440\u043e\u0434\u0430 \u044f\u0432\u043b\u044f\u0435\u0442\u0441\u044f \u0431\u044b\u0441\u0442\u0440\u043e\u0439 \u0438 \u043b\u0435\u0433\u043a\u043e\u0439 \u043d\u0430 \u043d\u043e\u0433\u0430\u0445, \u0432 \u0442\u043e \u0432\u0440\u0435\u043c\u044f \u043a\u0430\u043a \u0431\u043e\u043b\u0435\u0435 \u043d\u0438\u0437\u043a\u0438\u0439 \u0440\u0435\u0439\u0442\u0438\u043d\u0433 \u043e\u0437\u043d\u0430\u0447\u0430\u0435\u0442, \u0447\u0442\u043e \u043f\u043e\u0440\u043e\u0434\u0430 \u0442\u044f\u0436\u0435\u043b\u0435\u0435 \u0438 \u043c\u0435\u0434\u043b\u0435\u043d\u043d\u0435\u0435 \u043f\u0435\u0440\u0435\u0434\u0432\u0438\u0433\u0430\u0435\u0442\u0441\u044f.",
        "created_at": "2017-04-18T08:51:36.916Z",
        "status": 1
    }
},
{
    "model": "animals.characteristic",
    "pk": 9,
    "fields": {
        "name": "\u041b\u044e\u0431\u043e\u0432\u044c \u043a \u0434\u0435\u0442\u044f\u043c",
        "description": "\u0421\u043e\u043e\u0431\u0449\u0430\u0435\u0442 \u0412\u0430\u043c \u043d\u0430\u0441\u043a\u043e\u043b\u044c\u043a\u043e \u0434\u0440\u0443\u0436\u0435\u043b\u044e\u0431\u043d\u0430 \u043f\u043e\u0440\u043e\u0434\u0430 \u0441 \u0434\u0435\u0442\u044c\u043c\u0438. \u0411\u043e\u043b\u0435\u0435 \u0432\u044b\u0441\u043e\u043a\u0438\u0439 \u0440\u0435\u0439\u0442\u0438\u043d\u0433 \u043e\u0437\u043d\u0430\u0447\u0430\u0435\u0442, \u0447\u0442\u043e \u043f\u043e\u0440\u043e\u0434\u0430 \u0445\u043e\u0440\u043e\u0448\u043e \u0432\u0437\u0430\u0438\u043c\u043e\u0434\u0435\u0439\u0441\u0442\u0432\u0443\u0435\u0442 \u0441 \u0434\u0435\u0442\u044c\u043c\u0438. \u041f\u0440\u0438\u043c\u0435\u0447\u0430\u043d\u0438\u0435: \u0432\u0441\u0435 \u043f\u043e\u0440\u043e\u0434\u044b, \u043a\u0430\u043a \u043f\u0440\u0430\u0432\u0438\u043b\u043e, \u0434\u0440\u0443\u0436\u0435\u043b\u044e\u0431\u043d\u044b \u0441 \u0434\u0435\u0442\u044c\u043c\u0438, \u043a\u043e\u0433\u0434\u0430 \u0432\u044b\u0440\u043e\u0441\u043b\u0438 \u0432\u043c\u0435\u0441\u0442\u0435.",
        "created_at": "2017-04-18T08:51:55.182Z",
        "status": 1
    }
},
{
    "model": "animals.petcharacteristic",
    "pk": 1,
    "fields": {
        "breed": 4,
        "characteristic": 1,
        "value": 3,
        "created_at": "2017-04-18T09:01:45.270Z",
        "status": 1
    }
},
{
    "model": "animals.petcharacteristic",
    "pk": 2,
    "fields": {
        "breed": 4,
        "characteristic": 2,
        "value": 3,
        "created_at": "2017-04-18T09:01:59.271Z",
        "status": 1
    }
},
{
    "model": "animals.petcharacteristic",
    "pk": 3,
    "fields": {
        "breed": 4,
        "characteristic": 3,
        "value": 10,
        "created_at": "2017-04-18T09:02:11.145Z",
        "status": 1
    }
},
{
    "model": "animals.petcharacteristic",
    "pk": 4,
    "fields": {
        "breed": 4,
        "characteristic": 4,
        "value": 2,
        "created_at": "2017-04-18T09:02:29.448Z",
        "status": 1
    }
},
{
    "model": "animals.petcharacteristic",
    "pk": 5,
    "fields": {
        "breed": 4,
        "characteristic": 6,
        "value": 7,
        "created_at": "2017-04-18T09:02:51.381Z",
        "status": 1
    }
},
{
    "model": "animals.petcharacteristic",
    "pk": 6,
    "fields": {
        "breed": 4,
        "characteristic": 7,
        "value": 7,
        "created_at": "2017-04-18T09:03:05.859Z",
        "status": 1
    }
},
{
    "model": "animals.petcharacteristic",
    "pk": 7,
    "fields": {
        "breed": 4,
        "characteristic": 8,
        "value": 6,
        "created_at": "2017-04-18T09:03:34.532Z",
        "status": 1
    }
},
{
    "model": "animals.petcharacteristic",
    "pk": 8,
    "fields": {
        "breed": 4,
        "characteristic": 9,
        "value": 10,
        "created_at": "2017-04-18T09:03:54.571Z",
        "status": 1
    }
},
{
    "model": "animals.petcharacteristic",
    "pk": 9,
    "fields": {
        "breed": 4,
        "characteristic": 5,
        "value": 5,
        "created_at": "2017-04-18T09:04:21.792Z",
        "status": 1
    }
},
{
    "model": "animals.petcharacteristic",
    "pk": 10,
    "fields": {
        "breed": 17,
        "characteristic": 1,
        "value": 1,
        "created_at": "2017-04-18T09:05:21.044Z",
        "status": 1
    }
},
{
    "model": "animals.petcharacteristic",
    "pk": 11,
    "fields": {
        "breed": 17,
        "characteristic": 2,
        "value": 1,
        "created_at": "2017-04-18T09:05:53.938Z",
        "status": 1
    }
},
{
    "model": "animals.petcharacteristic",
    "pk": 12,
    "fields": {
        "breed": 17,
        "characteristic": 3,
        "value": 5,
        "created_at": "2017-04-18T09:06:09.533Z",
        "status": 1
    }
},
{
    "model": "animals.petcharacteristic",
    "pk": 13,
    "fields": {
        "breed": 17,
        "characteristic": 4,
        "value": 6,
        "created_at": "2017-04-18T09:06:30.940Z",
        "status": 1
    }
},
{
    "model": "animals.petcharacteristic",
    "pk": 14,
    "fields": {
        "breed": 17,
        "characteristic": 5,
        "value": 1,
        "created_at": "2017-04-18T09:06:43.811Z",
        "status": 1
    }
},
{
    "model": "animals.petcharacteristic",
    "pk": 15,
    "fields": {
        "breed": 17,
        "characteristic": 6,
        "value": 10,
        "created_at": "2017-04-18T09:06:56.489Z",
        "status": 1
    }
},
{
    "model": "animals.petcharacteristic",
    "pk": 16,
    "fields": {
        "breed": 17,
        "characteristic": 7,
        "value": 2,
        "created_at": "2017-04-18T09:07:10.662Z",
        "status": 1
    }
},
{
    "model": "animals.petcharacteristic",
    "pk": 17,
    "fields": {
        "breed": 17,
        "characteristic": 8,
        "value": 5,
        "created_at": "2017-04-18T09:07:25.415Z",
        "status": 1
    }
},
{
    "model": "animals.petcharacteristic",
    "pk": 18,
    "fields": {
        "breed": 17,
        "characteristic": 9,
        "value": 10,
        "created_at": "2017-04-18T09:07:48.690Z",
        "status": 1
    }
}
]
